配件j,c_j,d_j,p_j,同半成品配件数,半成品平均单价,S,F_F,检测y
0,2,1,0.14376431999070005,3,7.333333333333333,248.6935181066533,23.719199326865418,1
1,8,1,0.14376431999070005,3,7.333333333333333,248.6935181066533,23.719199326865418,1
2,12,2,0.14376431999070005,3,7.333333333333333,248.6935181066533,23.719199326865418,0
3,2,1,0.14376431999070005,3,7.333333333333333,248.6935181066533,23.719199326865418,1
4,8,1,0.14376431999070005,3,7.333333333333333,248.6935181066533,23.719199326865418,1
5,12,2,0.14376431999070005,3,7.333333333333333,248.6935181066533,23.719199326865418,0
6,8,1,0.14376431999070005,2,10.0,248.6935181066533,23.719199326865418,1
7,12,2,0.14376431999070005,2,10.0,248.6935181066533,23.719199326865418,0
0,2,1,0.18103301680943928,3,7.333333333333333,150.57918350221323,24.994395714717456,1
1,8,1,0.18103301680943928,3,7.333333333333333,150.57918350221323,24.994395714717456,1
2,12,2,0.18103301680943928,3,7.333333333333333,150.57918350221323,24.994395714717456,1
3,2,1,0.18103301680943928,3,7.333333333333333,150.57918350221323,24.994395714717456,1
4,8,1,0.18103301680943928,3,7.333333333333333,150.57918350221323,24.994395714717456,1
5,12,2,0.18103301680943928,3,7.333333333333333,150.57918350221323,24.994395714717456,1
6,8,1,0.18103301680943928,2,10.0,150.57918350221323,24.994395714717456,1
7,12,2,0.18103301680943928,2,10.0,150.57918350221323,24.994395714717456,1
0,2,1,0.09545486402289705,3,7.333333333333333,180.62681733108508,9.136348454315488,1
1,8,1,0.09545486402289705,3,7.333333333333333,180.62681733108508,9.136348454315488,1
2,12,2,0.09545486402289705,3,7.333333333333333,180.62681733108508,9.136348454315488,1
3,2,1,0.09545486402289705,3,7.333333333333333,180.62681733108508,9.136348454315488,1
4,8,1,0.09545486402289705,3,7.333333333333333,180.62681733108508,9.136348454315488,1
5,12,2,0.09545486402289705,3,7.333333333333333,180.62681733108508,9.136348454315488,1
6,8,1,0.09545486402289705,2,10.0,180.62681733108508,9.136348454315488,1
7,12,2,0.09545486402289705,2,10.0,180.62681733108508,9.136348454315488,1
0,2,1,0.1330246028111739,3,7.333333333333333,259.50503117778317,24.194533737985086,1
1,8,1,0.1330246028111739,3,7.333333333333333,259.50503117778317,24.194533737985086,1
2,12,2,0.1330246028111739,3,7.333333333333333,259.50503117778317,24.194533737985086,1
3,2,1,0.1330246028111739,3,7.333333333333333,259.50503117778317,24.194533737985086,1
4,8,1,0.1330246028111739,3,7.333333333333333,259.50503117778317,24.194533737985086,1
5,12,2,0.1330246028111739,3,7.333333333333333,259.50503117778317,24.194533737985086,1
6,8,1,0.1330246028111739,2,10.0,259.50503117778317,24.194533737985086,1
7,12,2,0.1330246028111739,2,10.0,259.50503117778317,24.194533737985086,1
0,2,1,0.08229630473533986,3,7.333333333333333,167.6233237243629,19.151108919644862,0
1,8,1,0.08229630473533986,3,7.333333333333333,167.6233237243629,19.151108919644862,0
2,12,2,0.08229630473533986,3,7.333333333333333,167.6233237243629,19.151108919644862,0
3,2,1,0.08229630473533986,3,7.333333333333333,167.6233237243629,19.151108919644862,0
4,8,1,0.08229630473533986,3,7.333333333333333,167.6233237243629,19.151108919644862,0
5,12,2,0.08229630473533986,3,7.333333333333333,167.6233237243629,19.151108919644862,0
6,8,1,0.08229630473533986,2,10.0,167.6233237243629,19.151108919644862,0
7,12,2,0.08229630473533986,2,10.0,167.6233237243629,19.151108919644862,0
0,2,1,0.12723332304070556,3,7.333333333333333,201.2826627857818,27.680697649399864,1
1,8,1,0.12723332304070556,3,7.333333333333333,201.2826627857818,27.680697649399864,1
2,12,2,0.12723332304070556,3,7.333333333333333,201.2826627857818,27.680697649399864,1
3,2,1,0.12723332304070556,3,7.333333333333333,201.2826627857818,27.680697649399864,1
4,8,1,0.12723332304070556,3,7.333333333333333,201.2826627857818,27.680697649399864,1
5,12,2,0.12723332304070556,3,7.333333333333333,201.2826627857818,27.680697649399864,1
6,8,1,0.12723332304070556,2,10.0,201.2826627857818,27.680697649399864,1
7,12,2,0.12723332304070556,2,10.0,201.2826627857818,27.680697649399864,1
0,2,1,0.12453101530902565,3,7.333333333333333,177.22664142300638,2.330232715190164,1
1,8,1,0.12453101530902565,3,7.333333333333333,177.22664142300638,2.330232715190164,1
2,12,2,0.12453101530902565,3,7.333333333333333,177.22664142300638,2.330232715190164,0
3,2,1,0.12453101530902565,3,7.333333333333333,177.22664142300638,2.330232715190164,1
4,8,1,0.12453101530902565,3,7.333333333333333,177.22664142300638,2.330232715190164,1
5,12,2,0.12453101530902565,3,7.333333333333333,177.22664142300638,2.330232715190164,1
6,8,1,0.12453101530902565,2,10.0,177.22664142300638,2.330232715190164,1
7,12,2,0.12453101530902565,2,10.0,177.22664142300638,2.330232715190164,1
0,2,1,0.08009100859804928,3,7.333333333333333,190.64899416624274,2.1045587774581267,1
1,8,1,0.08009100859804928,3,7.333333333333333,190.64899416624274,2.1045587774581267,1
2,12,2,0.08009100859804928,3,7.333333333333333,190.64899416624274,2.1045587774581267,0
3,2,1,0.08009100859804928,3,7.333333333333333,190.64899416624274,2.1045587774581267,1
4,8,1,0.08009100859804928,3,7.333333333333333,190.64899416624274,2.1045587774581267,1
5,12,2,0.08009100859804928,3,7.333333333333333,190.64899416624274,2.1045587774581267,0
6,8,1,0.08009100859804928,2,10.0,190.64899416624274,2.1045587774581267,1
7,12,2,0.08009100859804928,2,10.0,190.64899416624274,2.1045587774581267,0
0,2,1,0.09013989568456782,3,7.333333333333333,246.83653693789114,16.274142676315847,1
1,8,1,0.09013989568456782,3,7.333333333333333,246.83653693789114,16.274142676315847,1
2,12,2,0.09013989568456782,3,7.333333333333333,246.83653693789114,16.274142676315847,1
3,2,1,0.09013989568456782,3,7.333333333333333,246.83653693789114,16.274142676315847,1
4,8,1,0.09013989568456782,3,7.333333333333333,246.83653693789114,16.274142676315847,1
5,12,2,0.09013989568456782,3,7.333333333333333,246.83653693789114,16.274142676315847,1
6,8,1,0.09013989568456782,2,10.0,246.83653693789114,16.274142676315847,1
7,12,2,0.09013989568456782,2,10.0,246.83653693789114,16.274142676315847,1
0,2,1,0.16126564210427857,3,7.333333333333333,160.06451655693502,17.152026998541686,1
1,8,1,0.16126564210427857,3,7.333333333333333,160.06451655693502,17.152026998541686,1
2,12,2,0.16126564210427857,3,7.333333333333333,160.06451655693502,17.152026998541686,1
3,2,1,0.16126564210427857,3,7.333333333333333,160.06451655693502,17.152026998541686,1
4,8,1,0.16126564210427857,3,7.333333333333333,160.06451655693502,17.152026998541686,1
5,12,2,0.16126564210427857,3,7.333333333333333,160.06451655693502,17.152026998541686,1
6,8,1,0.16126564210427857,2,10.0,160.06451655693502,17.152026998541686,1
7,12,2,0.16126564210427857,2,10.0,160.06451655693502,17.152026998541686,1
0,2,1,0.10418960885212365,3,7.333333333333333,215.80024739279344,3.6590459856741013,1
1,8,1,0.10418960885212365,3,7.333333333333333,215.80024739279344,3.6590459856741013,1
2,12,2,0.10418960885212365,3,7.333333333333333,215.80024739279344,3.6590459856741013,0
3,2,1,0.10418960885212365,3,7.333333333333333,215.80024739279344,3.6590459856741013,1
4,8,1,0.10418960885212365,3,7.333333333333333,215.80024739279344,3.6590459856741013,1
5,12,2,0.10418960885212365,3,7.333333333333333,215.80024739279344,3.6590459856741013,0
6,8,1,0.10418960885212365,2,10.0,215.80024739279344,3.6590459856741013,1
7,12,2,0.10418960885212365,2,10.0,215.80024739279344,3.6590459856741013,1
0,2,1,0.07252995936056779,3,7.333333333333333,239.79719142009833,12.62449280340875,1
1,8,1,0.07252995936056779,3,7.333333333333333,239.79719142009833,12.62449280340875,1
2,12,2,0.07252995936056779,3,7.333333333333333,239.79719142009833,12.62449280340875,0
3,2,1,0.07252995936056779,3,7.333333333333333,239.79719142009833,12.62449280340875,1
4,8,1,0.07252995936056779,3,7.333333333333333,239.79719142009833,12.62449280340875,1
5,12,2,0.07252995936056779,3,7.333333333333333,239.79719142009833,12.62449280340875,0
6,8,1,0.07252995936056779,2,10.0,239.79719142009833,12.62449280340875,1
7,12,2,0.07252995936056779,2,10.0,239.79719142009833,12.62449280340875,1
0,2,1,0.14075843807447772,3,7.333333333333333,220.17962388671654,20.94060682675807,1
1,8,1,0.14075843807447772,3,7.333333333333333,220.17962388671654,20.94060682675807,1
2,12,2,0.14075843807447772,3,7.333333333333333,220.17962388671654,20.94060682675807,0
3,2,1,0.14075843807447772,3,7.333333333333333,220.17962388671654,20.94060682675807,1
4,8,1,0.14075843807447772,3,7.333333333333333,220.17962388671654,20.94060682675807,1
5,12,2,0.14075843807447772,3,7.333333333333333,220.17962388671654,20.94060682675807,0
6,8,1,0.14075843807447772,2,10.0,220.17962388671654,20.94060682675807,1
7,12,2,0.14075843807447772,2,10.0,220.17962388671654,20.94060682675807,0
0,2,1,0.08593459427442851,3,7.333333333333333,194.27481279143797,4.707714630088877,1
1,8,1,0.08593459427442851,3,7.333333333333333,194.27481279143797,4.707714630088877,1
2,12,2,0.08593459427442851,3,7.333333333333333,194.27481279143797,4.707714630088877,0
3,2,1,0.08593459427442851,3,7.333333333333333,194.27481279143797,4.707714630088877,1
4,8,1,0.08593459427442851,3,7.333333333333333,194.27481279143797,4.707714630088877,1
5,12,2,0.08593459427442851,3,7.333333333333333,194.27481279143797,4.707714630088877,0
6,8,1,0.08593459427442851,2,10.0,194.27481279143797,4.707714630088877,1
7,12,2,0.08593459427442851,2,10.0,194.27481279143797,4.707714630088877,0
0,2,1,0.15076477439169275,3,7.333333333333333,183.04620896269773,26.474156732186124,1
1,8,1,0.15076477439169275,3,7.333333333333333,183.04620896269773,26.474156732186124,1
2,12,2,0.15076477439169275,3,7.333333333333333,183.04620896269773,26.474156732186124,1
3,2,1,0.15076477439169275,3,7.333333333333333,183.04620896269773,26.474156732186124,1
4,8,1,0.15076477439169275,3,7.333333333333333,183.04620896269773,26.474156732186124,1
5,12,2,0.15076477439169275,3,7.333333333333333,183.04620896269773,26.474156732186124,1
6,8,1,0.15076477439169275,2,10.0,183.04620896269773,26.474156732186124,1
7,12,2,0.15076477439169275,2,10.0,183.04620896269773,26.474156732186124,1
0,2,1,0.17676114813118293,3,7.333333333333333,253.94429882594775,27.30967006948595,1
1,8,1,0.17676114813118293,3,7.333333333333333,253.94429882594775,27.30967006948595,1
2,12,2,0.17676114813118293,3,7.333333333333333,253.94429882594775,27.30967006948595,1
3,2,1,0.17676114813118293,3,7.333333333333333,253.94429882594775,27.30967006948595,1
4,8,1,0.17676114813118293,3,7.333333333333333,253.94429882594775,27.30967006948595,1
5,12,2,0.17676114813118293,3,7.333333333333333,253.94429882594775,27.30967006948595,1
6,8,1,0.17676114813118293,2,10.0,253.94429882594775,27.30967006948595,1
7,12,2,0.17676114813118293,2,10.0,253.94429882594775,27.30967006948595,0
0,2,1,0.07886952424524986,3,7.333333333333333,252.0696253218977,17.465141654683386,1
1,8,1,0.07886952424524986,3,7.333333333333333,252.0696253218977,17.465141654683386,1
2,12,2,0.07886952424524986,3,7.333333333333333,252.0696253218977,17.465141654683386,1
3,2,1,0.07886952424524986,3,7.333333333333333,252.0696253218977,17.465141654683386,1
4,8,1,0.07886952424524986,3,7.333333333333333,252.0696253218977,17.465141654683386,1
5,12,2,0.07886952424524986,3,7.333333333333333,252.0696253218977,17.465141654683386,1
6,8,1,0.07886952424524986,2,10.0,252.0696253218977,17.465141654683386,1
7,12,2,0.07886952424524986,2,10.0,252.0696253218977,17.465141654683386,1
0,2,1,0.1462357557833721,3,7.333333333333333,212.66637019211888,12.536059411637764,1
1,8,1,0.1462357557833721,3,7.333333333333333,212.66637019211888,12.536059411637764,1
2,12,2,0.1462357557833721,3,7.333333333333333,212.66637019211888,12.536059411637764,1
3,2,1,0.1462357557833721,3,7.333333333333333,212.66637019211888,12.536059411637764,1
4,8,1,0.1462357557833721,3,7.333333333333333,212.66637019211888,12.536059411637764,1
5,12,2,0.1462357557833721,3,7.333333333333333,212.66637019211888,12.536059411637764,1
6,8,1,0.1462357557833721,2,10.0,212.66637019211888,12.536059411637764,1
7,12,2,0.1462357557833721,2,10.0,212.66637019211888,12.536059411637764,1
0,2,1,0.055708593003685865,3,7.333333333333333,246.3840688920198,15.096446070794691,1
1,8,1,0.055708593003685865,3,7.333333333333333,246.3840688920198,15.096446070794691,1
2,12,2,0.055708593003685865,3,7.333333333333333,246.3840688920198,15.096446070794691,0
3,2,1,0.055708593003685865,3,7.333333333333333,246.3840688920198,15.096446070794691,1
4,8,1,0.055708593003685865,3,7.333333333333333,246.3840688920198,15.096446070794691,1
5,12,2,0.055708593003685865,3,7.333333333333333,246.3840688920198,15.096446070794691,0
6,8,1,0.055708593003685865,2,10.0,246.3840688920198,15.096446070794691,1
7,12,2,0.055708593003685865,2,10.0,246.3840688920198,15.096446070794691,0
0,2,1,0.1626987379782392,3,7.333333333333333,152.77165578819364,12.42118763182571,1
1,8,1,0.1626987379782392,3,7.333333333333333,152.77165578819364,12.42118763182571,1
2,12,2,0.1626987379782392,3,7.333333333333333,152.77165578819364,12.42118763182571,0
3,2,1,0.1626987379782392,3,7.333333333333333,152.77165578819364,12.42118763182571,1
4,8,1,0.1626987379782392,3,7.333333333333333,152.77165578819364,12.42118763182571,1
5,12,2,0.1626987379782392,3,7.333333333333333,152.77165578819364,12.42118763182571,0
6,8,1,0.1626987379782392,2,10.0,152.77165578819364,12.42118763182571,0
7,12,2,0.1626987379782392,2,10.0,152.77165578819364,12.42118763182571,0
0,2,1,0.19507223530960516,3,7.333333333333333,222.3536803042366,13.990166898905477,1
1,8,1,0.19507223530960516,3,7.333333333333333,222.3536803042366,13.990166898905477,1
2,12,2,0.19507223530960516,3,7.333333333333333,222.3536803042366,13.990166898905477,1
3,2,1,0.19507223530960516,3,7.333333333333333,222.3536803042366,13.990166898905477,1
4,8,1,0.19507223530960516,3,7.333333333333333,222.3536803042366,13.990166898905477,1
5,12,2,0.19507223530960516,3,7.333333333333333,222.3536803042366,13.990166898905477,1
6,8,1,0.19507223530960516,2,10.0,222.3536803042366,13.990166898905477,1
7,12,2,0.19507223530960516,2,10.0,222.3536803042366,13.990166898905477,1
0,2,1,0.10163160004940394,3,7.333333333333333,214.9320080518686,21.143162453507223,1
1,8,1,0.10163160004940394,3,7.333333333333333,214.9320080518686,21.143162453507223,1
2,12,2,0.10163160004940394,3,7.333333333333333,214.9320080518686,21.143162453507223,1
3,2,1,0.10163160004940394,3,7.333333333333333,214.9320080518686,21.143162453507223,1
4,8,1,0.10163160004940394,3,7.333333333333333,214.9320080518686,21.143162453507223,1
5,12,2,0.10163160004940394,3,7.333333333333333,214.9320080518686,21.143162453507223,1
6,8,1,0.10163160004940394,2,10.0,214.9320080518686,21.143162453507223,1
7,12,2,0.10163160004940394,2,10.0,214.9320080518686,21.143162453507223,1
0,2,1,0.1647871074917784,3,7.333333333333333,250.00972453896054,6.229743786150834,1
1,8,1,0.1647871074917784,3,7.333333333333333,250.00972453896054,6.229743786150834,1
2,12,2,0.1647871074917784,3,7.333333333333333,250.00972453896054,6.229743786150834,1
3,2,1,0.1647871074917784,3,7.333333333333333,250.00972453896054,6.229743786150834,1
4,8,1,0.1647871074917784,3,7.333333333333333,250.00972453896054,6.229743786150834,1
5,12,2,0.1647871074917784,3,7.333333333333333,250.00972453896054,6.229743786150834,1
6,8,1,0.1647871074917784,2,10.0,250.00972453896054,6.229743786150834,1
7,12,2,0.1647871074917784,2,10.0,250.00972453896054,6.229743786150834,1
0,2,1,0.1629466255396631,3,7.333333333333333,239.15795133489695,5.8293934431922825,1
1,8,1,0.1629466255396631,3,7.333333333333333,239.15795133489695,5.8293934431922825,1
2,12,2,0.1629466255396631,3,7.333333333333333,239.15795133489695,5.8293934431922825,1
3,2,1,0.1629466255396631,3,7.333333333333333,239.15795133489695,5.8293934431922825,1
4,8,1,0.1629466255396631,3,7.333333333333333,239.15795133489695,5.8293934431922825,1
5,12,2,0.1629466255396631,3,7.333333333333333,239.15795133489695,5.8293934431922825,1
6,8,1,0.1629466255396631,2,10.0,239.15795133489695,5.8293934431922825,1
7,12,2,0.1629466255396631,2,10.0,239.15795133489695,5.8293934431922825,1
0,2,1,0.052140678452691595,3,7.333333333333333,219.13081426529197,24.204662426744953,1
1,8,1,0.052140678452691595,3,7.333333333333333,219.13081426529197,24.204662426744953,1
2,12,2,0.052140678452691595,3,7.333333333333333,219.13081426529197,24.204662426744953,0
3,2,1,0.052140678452691595,3,7.333333333333333,219.13081426529197,24.204662426744953,1
4,8,1,0.052140678452691595,3,7.333333333333333,219.13081426529197,24.204662426744953,1
5,12,2,0.052140678452691595,3,7.333333333333333,219.13081426529197,24.204662426744953,0
6,8,1,0.052140678452691595,2,10.0,219.13081426529197,24.204662426744953,1
7,12,2,0.052140678452691595,2,10.0,219.13081426529197,24.204662426744953,1
0,2,1,0.08396352240457161,3,7.333333333333333,171.837326279194,12.167554615409845,1
1,8,1,0.08396352240457161,3,7.333333333333333,171.837326279194,12.167554615409845,0
2,12,2,0.08396352240457161,3,7.333333333333333,171.837326279194,12.167554615409845,0
3,2,1,0.08396352240457161,3,7.333333333333333,171.837326279194,12.167554615409845,1
4,8,1,0.08396352240457161,3,7.333333333333333,171.837326279194,12.167554615409845,0
5,12,2,0.08396352240457161,3,7.333333333333333,171.837326279194,12.167554615409845,0
6,8,1,0.08396352240457161,2,10.0,171.837326279194,12.167554615409845,0
7,12,2,0.08396352240457161,2,10.0,171.837326279194,12.167554615409845,0
0,2,1,0.19221860921162226,3,7.333333333333333,213.06659893722332,11.521905887783515,1
1,8,1,0.19221860921162226,3,7.333333333333333,213.06659893722332,11.521905887783515,1
2,12,2,0.19221860921162226,3,7.333333333333333,213.06659893722332,11.521905887783515,1
3,2,1,0.19221860921162226,3,7.333333333333333,213.06659893722332,11.521905887783515,1
4,8,1,0.19221860921162226,3,7.333333333333333,213.06659893722332,11.521905887783515,1
5,12,2,0.19221860921162226,3,7.333333333333333,213.06659893722332,11.521905887783515,1
6,8,1,0.19221860921162226,2,10.0,213.06659893722332,11.521905887783515,1
7,12,2,0.19221860921162226,2,10.0,213.06659893722332,11.521905887783515,1
0,2,1,0.11667173144706701,3,7.333333333333333,257.84342259686485,16.43463473497559,1
1,8,1,0.11667173144706701,3,7.333333333333333,257.84342259686485,16.43463473497559,1
2,12,2,0.11667173144706701,3,7.333333333333333,257.84342259686485,16.43463473497559,1
3,2,1,0.11667173144706701,3,7.333333333333333,257.84342259686485,16.43463473497559,1
4,8,1,0.11667173144706701,3,7.333333333333333,257.84342259686485,16.43463473497559,1
5,12,2,0.11667173144706701,3,7.333333333333333,257.84342259686485,16.43463473497559,1
6,8,1,0.11667173144706701,2,10.0,257.84342259686485,16.43463473497559,1
7,12,2,0.11667173144706701,2,10.0,257.84342259686485,16.43463473497559,1
0,2,1,0.16141511273225595,3,7.333333333333333,213.87181502381048,13.946186107415233,1
1,8,1,0.16141511273225595,3,7.333333333333333,213.87181502381048,13.946186107415233,1
2,12,2,0.16141511273225595,3,7.333333333333333,213.87181502381048,13.946186107415233,1
3,2,1,0.16141511273225595,3,7.333333333333333,213.87181502381048,13.946186107415233,1
4,8,1,0.16141511273225595,3,7.333333333333333,213.87181502381048,13.946186107415233,1
5,12,2,0.16141511273225595,3,7.333333333333333,213.87181502381048,13.946186107415233,1
6,8,1,0.16141511273225595,2,10.0,213.87181502381048,13.946186107415233,1
7,12,2,0.16141511273225595,2,10.0,213.87181502381048,13.946186107415233,1
0,2,1,0.18841393642527016,3,7.333333333333333,157.55868873340478,14.039912133232566,1
1,8,1,0.18841393642527016,3,7.333333333333333,157.55868873340478,14.039912133232566,1
2,12,2,0.18841393642527016,3,7.333333333333333,157.55868873340478,14.039912133232566,1
3,2,1,0.18841393642527016,3,7.333333333333333,157.55868873340478,14.039912133232566,1
4,8,1,0.18841393642527016,3,7.333333333333333,157.55868873340478,14.039912133232566,1
5,12,2,0.18841393642527016,3,7.333333333333333,157.55868873340478,14.039912133232566,1
6,8,1,0.18841393642527016,2,10.0,157.55868873340478,14.039912133232566,1
7,12,2,0.18841393642527016,2,10.0,157.55868873340478,14.039912133232566,1
0,2,1,0.08764988699971374,3,7.333333333333333,238.66430619883198,20.941193599960616,1
1,8,1,0.08764988699971374,3,7.333333333333333,238.66430619883198,20.941193599960616,1
2,12,2,0.08764988699971374,3,7.333333333333333,238.66430619883198,20.941193599960616,1
3,2,1,0.08764988699971374,3,7.333333333333333,238.66430619883198,20.941193599960616,1
4,8,1,0.08764988699971374,3,7.333333333333333,238.66430619883198,20.941193599960616,1
5,12,2,0.08764988699971374,3,7.333333333333333,238.66430619883198,20.941193599960616,1
6,8,1,0.08764988699971374,2,10.0,238.66430619883198,20.941193599960616,1
7,12,2,0.08764988699971374,2,10.0,238.66430619883198,20.941193599960616,1
0,2,1,0.19573410626923704,3,7.333333333333333,186.59496051324572,13.151715671022377,1
1,8,1,0.19573410626923704,3,7.333333333333333,186.59496051324572,13.151715671022377,1
2,12,2,0.19573410626923704,3,7.333333333333333,186.59496051324572,13.151715671022377,0
3,2,1,0.19573410626923704,3,7.333333333333333,186.59496051324572,13.151715671022377,1
4,8,1,0.19573410626923704,3,7.333333333333333,186.59496051324572,13.151715671022377,1
5,12,2,0.19573410626923704,3,7.333333333333333,186.59496051324572,13.151715671022377,0
6,8,1,0.19573410626923704,2,10.0,186.59496051324572,13.151715671022377,1
7,12,2,0.19573410626923704,2,10.0,186.59496051324572,13.151715671022377,0
0,2,1,0.0819362292463009,3,7.333333333333333,250.70108368362992,25.524726880434912,1
1,8,1,0.0819362292463009,3,7.333333333333333,250.70108368362992,25.524726880434912,1
2,12,2,0.0819362292463009,3,7.333333333333333,250.70108368362992,25.524726880434912,0
3,2,1,0.0819362292463009,3,7.333333333333333,250.70108368362992,25.524726880434912,1
4,8,1,0.0819362292463009,3,7.333333333333333,250.70108368362992,25.524726880434912,1
5,12,2,0.0819362292463009,3,7.333333333333333,250.70108368362992,25.524726880434912,0
6,8,1,0.0819362292463009,2,10.0,250.70108368362992,25.524726880434912,1
7,12,2,0.0819362292463009,2,10.0,250.70108368362992,25.524726880434912,0
0,2,1,0.12187947423344374,3,7.333333333333333,215.41533575371062,20.45970018505377,1
1,8,1,0.12187947423344374,3,7.333333333333333,215.41533575371062,20.45970018505377,1
2,12,2,0.12187947423344374,3,7.333333333333333,215.41533575371062,20.45970018505377,1
3,2,1,0.12187947423344374,3,7.333333333333333,215.41533575371062,20.45970018505377,1
4,8,1,0.12187947423344374,3,7.333333333333333,215.41533575371062,20.45970018505377,1
5,12,2,0.12187947423344374,3,7.333333333333333,215.41533575371062,20.45970018505377,1
6,8,1,0.12187947423344374,2,10.0,215.41533575371062,20.45970018505377,1
7,12,2,0.12187947423344374,2,10.0,215.41533575371062,20.45970018505377,1
0,2,1,0.11987600525916875,3,7.333333333333333,219.09109403513975,19.786333149191968,1
1,8,1,0.11987600525916875,3,7.333333333333333,219.09109403513975,19.786333149191968,0
2,12,2,0.11987600525916875,3,7.333333333333333,219.09109403513975,19.786333149191968,0
3,2,1,0.11987600525916875,3,7.333333333333333,219.09109403513975,19.786333149191968,1
4,8,1,0.11987600525916875,3,7.333333333333333,219.09109403513975,19.786333149191968,0
5,12,2,0.11987600525916875,3,7.333333333333333,219.09109403513975,19.786333149191968,0
6,8,1,0.11987600525916875,2,10.0,219.09109403513975,19.786333149191968,0
7,12,2,0.11987600525916875,2,10.0,219.09109403513975,19.786333149191968,0
0,2,1,0.11172752352469625,3,7.333333333333333,234.04330972823155,24.82621007216961,1
1,8,1,0.11172752352469625,3,7.333333333333333,234.04330972823155,24.82621007216961,1
2,12,2,0.11172752352469625,3,7.333333333333333,234.04330972823155,24.82621007216961,1
3,2,1,0.11172752352469625,3,7.333333333333333,234.04330972823155,24.82621007216961,1
4,8,1,0.11172752352469625,3,7.333333333333333,234.04330972823155,24.82621007216961,1
5,12,2,0.11172752352469625,3,7.333333333333333,234.04330972823155,24.82621007216961,1
6,8,1,0.11172752352469625,2,10.0,234.04330972823155,24.82621007216961,1
7,12,2,0.11172752352469625,2,10.0,234.04330972823155,24.82621007216961,1
0,2,1,0.18700322922965684,3,7.333333333333333,238.22402357970122,26.57535826618694,1
1,8,1,0.18700322922965684,3,7.333333333333333,238.22402357970122,26.57535826618694,1
2,12,2,0.18700322922965684,3,7.333333333333333,238.22402357970122,26.57535826618694,1
3,2,1,0.18700322922965684,3,7.333333333333333,238.22402357970122,26.57535826618694,1
4,8,1,0.18700322922965684,3,7.333333333333333,238.22402357970122,26.57535826618694,1
5,12,2,0.18700322922965684,3,7.333333333333333,238.22402357970122,26.57535826618694,1
6,8,1,0.18700322922965684,2,10.0,238.22402357970122,26.57535826618694,1
7,12,2,0.18700322922965684,2,10.0,238.22402357970122,26.57535826618694,1
0,2,1,0.05699783569308308,3,7.333333333333333,153.33177173247623,2.5660360539721125,1
1,8,1,0.05699783569308308,3,7.333333333333333,153.33177173247623,2.5660360539721125,0
2,12,2,0.05699783569308308,3,7.333333333333333,153.33177173247623,2.5660360539721125,0
3,2,1,0.05699783569308308,3,7.333333333333333,153.33177173247623,2.5660360539721125,1
4,8,1,0.05699783569308308,3,7.333333333333333,153.33177173247623,2.5660360539721125,1
5,12,2,0.05699783569308308,3,7.333333333333333,153.33177173247623,2.5660360539721125,0
6,8,1,0.05699783569308308,2,10.0,153.33177173247623,2.5660360539721125,1
7,12,2,0.05699783569308308,2,10.0,153.33177173247623,2.5660360539721125,0
0,2,1,0.07812550015339499,3,7.333333333333333,212.3761400223935,3.0916035489252702,1
1,8,1,0.07812550015339499,3,7.333333333333333,212.3761400223935,3.0916035489252702,1
2,12,2,0.07812550015339499,3,7.333333333333333,212.3761400223935,3.0916035489252702,0
3,2,1,0.07812550015339499,3,7.333333333333333,212.3761400223935,3.0916035489252702,1
4,8,1,0.07812550015339499,3,7.333333333333333,212.3761400223935,3.0916035489252702,1
5,12,2,0.07812550015339499,3,7.333333333333333,212.3761400223935,3.0916035489252702,0
6,8,1,0.07812550015339499,2,10.0,212.3761400223935,3.0916035489252702,1
7,12,2,0.07812550015339499,2,10.0,212.3761400223935,3.0916035489252702,0
0,2,1,0.15168105628509643,3,7.333333333333333,152.31828898882802,10.695965517489457,1
1,8,1,0.15168105628509643,3,7.333333333333333,152.31828898882802,10.695965517489457,1
2,12,2,0.15168105628509643,3,7.333333333333333,152.31828898882802,10.695965517489457,1
3,2,1,0.15168105628509643,3,7.333333333333333,152.31828898882802,10.695965517489457,1
4,8,1,0.15168105628509643,3,7.333333333333333,152.31828898882802,10.695965517489457,1
5,12,2,0.15168105628509643,3,7.333333333333333,152.31828898882802,10.695965517489457,1
6,8,1,0.15168105628509643,2,10.0,152.31828898882802,10.695965517489457,1
7,12,2,0.15168105628509643,2,10.0,152.31828898882802,10.695965517489457,1
0,2,1,0.17173811041201265,3,7.333333333333333,222.38286897728983,19.101021997178734,1
1,8,1,0.17173811041201265,3,7.333333333333333,222.38286897728983,19.101021997178734,1
2,12,2,0.17173811041201265,3,7.333333333333333,222.38286897728983,19.101021997178734,1
3,2,1,0.17173811041201265,3,7.333333333333333,222.38286897728983,19.101021997178734,1
4,8,1,0.17173811041201265,3,7.333333333333333,222.38286897728983,19.101021997178734,1
5,12,2,0.17173811041201265,3,7.333333333333333,222.38286897728983,19.101021997178734,1
6,8,1,0.17173811041201265,2,10.0,222.38286897728983,19.101021997178734,1
7,12,2,0.17173811041201265,2,10.0,222.38286897728983,19.101021997178734,1
0,2,1,0.055952962768850006,3,7.333333333333333,238.18308456010607,28.88198567673293,1
1,8,1,0.055952962768850006,3,7.333333333333333,238.18308456010607,28.88198567673293,1
2,12,2,0.055952962768850006,3,7.333333333333333,238.18308456010607,28.88198567673293,1
3,2,1,0.055952962768850006,3,7.333333333333333,238.18308456010607,28.88198567673293,1
4,8,1,0.055952962768850006,3,7.333333333333333,238.18308456010607,28.88198567673293,1
5,12,2,0.055952962768850006,3,7.333333333333333,238.18308456010607,28.88198567673293,1
6,8,1,0.055952962768850006,2,10.0,238.18308456010607,28.88198567673293,1
7,12,2,0.055952962768850006,2,10.0,238.18308456010607,28.88198567673293,1
0,2,1,0.10079901250703277,3,7.333333333333333,184.98035176485104,5.15607576824036,1
1,8,1,0.10079901250703277,3,7.333333333333333,184.98035176485104,5.15607576824036,1
2,12,2,0.10079901250703277,3,7.333333333333333,184.98035176485104,5.15607576824036,0
3,2,1,0.10079901250703277,3,7.333333333333333,184.98035176485104,5.15607576824036,1
4,8,1,0.10079901250703277,3,7.333333333333333,184.98035176485104,5.15607576824036,1
5,12,2,0.10079901250703277,3,7.333333333333333,184.98035176485104,5.15607576824036,1
6,8,1,0.10079901250703277,2,10.0,184.98035176485104,5.15607576824036,1
7,12,2,0.10079901250703277,2,10.0,184.98035176485104,5.15607576824036,1
0,2,1,0.09705822080033659,3,7.333333333333333,244.9090158410608,24.31955355969163,1
1,8,1,0.09705822080033659,3,7.333333333333333,244.9090158410608,24.31955355969163,1
2,12,2,0.09705822080033659,3,7.333333333333333,244.9090158410608,24.31955355969163,0
3,2,1,0.09705822080033659,3,7.333333333333333,244.9090158410608,24.31955355969163,1
4,8,1,0.09705822080033659,3,7.333333333333333,244.9090158410608,24.31955355969163,1
5,12,2,0.09705822080033659,3,7.333333333333333,244.9090158410608,24.31955355969163,0
6,8,1,0.09705822080033659,2,10.0,244.9090158410608,24.31955355969163,1
7,12,2,0.09705822080033659,2,10.0,244.9090158410608,24.31955355969163,0
0,2,1,0.18239310798528774,3,7.333333333333333,171.70108268149212,18.061953025958648,1
1,8,1,0.18239310798528774,3,7.333333333333333,171.70108268149212,18.061953025958648,1
2,12,2,0.18239310798528774,3,7.333333333333333,171.70108268149212,18.061953025958648,1
3,2,1,0.18239310798528774,3,7.333333333333333,171.70108268149212,18.061953025958648,1
4,8,1,0.18239310798528774,3,7.333333333333333,171.70108268149212,18.061953025958648,1
5,12,2,0.18239310798528774,3,7.333333333333333,171.70108268149212,18.061953025958648,1
6,8,1,0.18239310798528774,2,10.0,171.70108268149212,18.061953025958648,1
7,12,2,0.18239310798528774,2,10.0,171.70108268149212,18.061953025958648,1
0,2,1,0.06443685164420652,3,7.333333333333333,222.73106071164443,19.694732291026522,1
1,8,1,0.06443685164420652,3,7.333333333333333,222.73106071164443,19.694732291026522,1
2,12,2,0.06443685164420652,3,7.333333333333333,222.73106071164443,19.694732291026522,1
3,2,1,0.06443685164420652,3,7.333333333333333,222.73106071164443,19.694732291026522,1
4,8,1,0.06443685164420652,3,7.333333333333333,222.73106071164443,19.694732291026522,1
5,12,2,0.06443685164420652,3,7.333333333333333,222.73106071164443,19.694732291026522,1
6,8,1,0.06443685164420652,2,10.0,222.73106071164443,19.694732291026522,1
7,12,2,0.06443685164420652,2,10.0,222.73106071164443,19.694732291026522,1
0,2,1,0.09907523118989836,3,7.333333333333333,229.42520662192092,26.28365485202597,1
1,8,1,0.09907523118989836,3,7.333333333333333,229.42520662192092,26.28365485202597,1
2,12,2,0.09907523118989836,3,7.333333333333333,229.42520662192092,26.28365485202597,1
3,2,1,0.09907523118989836,3,7.333333333333333,229.42520662192092,26.28365485202597,1
4,8,1,0.09907523118989836,3,7.333333333333333,229.42520662192092,26.28365485202597,1
5,12,2,0.09907523118989836,3,7.333333333333333,229.42520662192092,26.28365485202597,1
6,8,1,0.09907523118989836,2,10.0,229.42520662192092,26.28365485202597,1
7,12,2,0.09907523118989836,2,10.0,229.42520662192092,26.28365485202597,1
0,2,1,0.054005352512942695,3,7.333333333333333,221.58881877644515,8.010935636825373,1
1,8,1,0.054005352512942695,3,7.333333333333333,221.58881877644515,8.010935636825373,1
2,12,2,0.054005352512942695,3,7.333333333333333,221.58881877644515,8.010935636825373,0
3,2,1,0.054005352512942695,3,7.333333333333333,221.58881877644515,8.010935636825373,1
4,8,1,0.054005352512942695,3,7.333333333333333,221.58881877644515,8.010935636825373,1
5,12,2,0.054005352512942695,3,7.333333333333333,221.58881877644515,8.010935636825373,0
6,8,1,0.054005352512942695,2,10.0,221.58881877644515,8.010935636825373,1
7,12,2,0.054005352512942695,2,10.0,221.58881877644515,8.010935636825373,0
0,2,1,0.10689794363788517,3,7.333333333333333,177.80520054227375,14.782281398932342,1
1,8,1,0.10689794363788517,3,7.333333333333333,177.80520054227375,14.782281398932342,1
2,12,2,0.10689794363788517,3,7.333333333333333,177.80520054227375,14.782281398932342,1
3,2,1,0.10689794363788517,3,7.333333333333333,177.80520054227375,14.782281398932342,1
4,8,1,0.10689794363788517,3,7.333333333333333,177.80520054227375,14.782281398932342,1
5,12,2,0.10689794363788517,3,7.333333333333333,177.80520054227375,14.782281398932342,1
6,8,1,0.10689794363788517,2,10.0,177.80520054227375,14.782281398932342,1
7,12,2,0.10689794363788517,2,10.0,177.80520054227375,14.782281398932342,1
0,2,1,0.10708771452508142,3,7.333333333333333,164.7093307722375,20.548494205199106,1
1,8,1,0.10708771452508142,3,7.333333333333333,164.7093307722375,20.548494205199106,1
2,12,2,0.10708771452508142,3,7.333333333333333,164.7093307722375,20.548494205199106,1
3,2,1,0.10708771452508142,3,7.333333333333333,164.7093307722375,20.548494205199106,1
4,8,1,0.10708771452508142,3,7.333333333333333,164.7093307722375,20.548494205199106,1
5,12,2,0.10708771452508142,3,7.333333333333333,164.7093307722375,20.548494205199106,1
6,8,1,0.10708771452508142,2,10.0,164.7093307722375,20.548494205199106,1
7,12,2,0.10708771452508142,2,10.0,164.7093307722375,20.548494205199106,1
0,2,1,0.10575859291616276,3,7.333333333333333,209.3473824842178,8.02161782986662,1
1,8,1,0.10575859291616276,3,7.333333333333333,209.3473824842178,8.02161782986662,1
2,12,2,0.10575859291616276,3,7.333333333333333,209.3473824842178,8.02161782986662,1
3,2,1,0.10575859291616276,3,7.333333333333333,209.3473824842178,8.02161782986662,1
4,8,1,0.10575859291616276,3,7.333333333333333,209.3473824842178,8.02161782986662,1
5,12,2,0.10575859291616276,3,7.333333333333333,209.3473824842178,8.02161782986662,1
6,8,1,0.10575859291616276,2,10.0,209.3473824842178,8.02161782986662,1
7,12,2,0.10575859291616276,2,10.0,209.3473824842178,8.02161782986662,1
0,2,1,0.11861385472073263,3,7.333333333333333,158.9684606332831,23.076499818276158,1
1,8,1,0.11861385472073263,3,7.333333333333333,158.9684606332831,23.076499818276158,1
2,12,2,0.11861385472073263,3,7.333333333333333,158.9684606332831,23.076499818276158,1
3,2,1,0.11861385472073263,3,7.333333333333333,158.9684606332831,23.076499818276158,1
4,8,1,0.11861385472073263,3,7.333333333333333,158.9684606332831,23.076499818276158,1
5,12,2,0.11861385472073263,3,7.333333333333333,158.9684606332831,23.076499818276158,1
6,8,1,0.11861385472073263,2,10.0,158.9684606332831,23.076499818276158,1
7,12,2,0.11861385472073263,2,10.0,158.9684606332831,23.076499818276158,1
0,2,1,0.06163198585265043,3,7.333333333333333,233.94990465416294,5.670211672156979,0
1,8,1,0.06163198585265043,3,7.333333333333333,233.94990465416294,5.670211672156979,0
2,12,2,0.06163198585265043,3,7.333333333333333,233.94990465416294,5.670211672156979,0
3,2,1,0.06163198585265043,3,7.333333333333333,233.94990465416294,5.670211672156979,0
4,8,1,0.06163198585265043,3,7.333333333333333,233.94990465416294,5.670211672156979,0
5,12,2,0.06163198585265043,3,7.333333333333333,233.94990465416294,5.670211672156979,0
6,8,1,0.06163198585265043,2,10.0,233.94990465416294,5.670211672156979,0
7,12,2,0.06163198585265043,2,10.0,233.94990465416294,5.670211672156979,0
0,2,1,0.06218934666739857,3,7.333333333333333,249.70316019402827,9.538840390854933,1
1,8,1,0.06218934666739857,3,7.333333333333333,249.70316019402827,9.538840390854933,1
2,12,2,0.06218934666739857,3,7.333333333333333,249.70316019402827,9.538840390854933,0
3,2,1,0.06218934666739857,3,7.333333333333333,249.70316019402827,9.538840390854933,1
4,8,1,0.06218934666739857,3,7.333333333333333,249.70316019402827,9.538840390854933,1
5,12,2,0.06218934666739857,3,7.333333333333333,249.70316019402827,9.538840390854933,0
6,8,1,0.06218934666739857,2,10.0,249.70316019402827,9.538840390854933,1
7,12,2,0.06218934666739857,2,10.0,249.70316019402827,9.538840390854933,0
0,2,1,0.14298851895677023,3,7.333333333333333,170.58577251947906,14.174775546544488,1
1,8,1,0.14298851895677023,3,7.333333333333333,170.58577251947906,14.174775546544488,1
2,12,2,0.14298851895677023,3,7.333333333333333,170.58577251947906,14.174775546544488,1
3,2,1,0.14298851895677023,3,7.333333333333333,170.58577251947906,14.174775546544488,1
4,8,1,0.14298851895677023,3,7.333333333333333,170.58577251947906,14.174775546544488,1
5,12,2,0.14298851895677023,3,7.333333333333333,170.58577251947906,14.174775546544488,1
6,8,1,0.14298851895677023,2,10.0,170.58577251947906,14.174775546544488,1
7,12,2,0.14298851895677023,2,10.0,170.58577251947906,14.174775546544488,1
0,2,1,0.1566322329794801,3,7.333333333333333,160.64884797201148,22.36509374867923,1
1,8,1,0.1566322329794801,3,7.333333333333333,160.64884797201148,22.36509374867923,1
2,12,2,0.1566322329794801,3,7.333333333333333,160.64884797201148,22.36509374867923,1
3,2,1,0.1566322329794801,3,7.333333333333333,160.64884797201148,22.36509374867923,1
4,8,1,0.1566322329794801,3,7.333333333333333,160.64884797201148,22.36509374867923,1
5,12,2,0.1566322329794801,3,7.333333333333333,160.64884797201148,22.36509374867923,1
6,8,1,0.1566322329794801,2,10.0,160.64884797201148,22.36509374867923,1
7,12,2,0.1566322329794801,2,10.0,160.64884797201148,22.36509374867923,1
0,2,1,0.1511301485652817,3,7.333333333333333,190.78060743088778,3.7979360046509014,1
1,8,1,0.1511301485652817,3,7.333333333333333,190.78060743088778,3.7979360046509014,1
2,12,2,0.1511301485652817,3,7.333333333333333,190.78060743088778,3.7979360046509014,1
3,2,1,0.1511301485652817,3,7.333333333333333,190.78060743088778,3.7979360046509014,1
4,8,1,0.1511301485652817,3,7.333333333333333,190.78060743088778,3.7979360046509014,1
5,12,2,0.1511301485652817,3,7.333333333333333,190.78060743088778,3.7979360046509014,1
6,8,1,0.1511301485652817,2,10.0,190.78060743088778,3.7979360046509014,1
7,12,2,0.1511301485652817,2,10.0,190.78060743088778,3.7979360046509014,1
0,2,1,0.07862573052345158,3,7.333333333333333,179.2860949274238,17.01136118662242,1
1,8,1,0.07862573052345158,3,7.333333333333333,179.2860949274238,17.01136118662242,1
2,12,2,0.07862573052345158,3,7.333333333333333,179.2860949274238,17.01136118662242,1
3,2,1,0.07862573052345158,3,7.333333333333333,179.2860949274238,17.01136118662242,1
4,8,1,0.07862573052345158,3,7.333333333333333,179.2860949274238,17.01136118662242,1
5,12,2,0.07862573052345158,3,7.333333333333333,179.2860949274238,17.01136118662242,1
6,8,1,0.07862573052345158,2,10.0,179.2860949274238,17.01136118662242,1
7,12,2,0.07862573052345158,2,10.0,179.2860949274238,17.01136118662242,1
0,2,1,0.06886122763012538,3,7.333333333333333,170.26972341531462,24.387035198868,1
1,8,1,0.06886122763012538,3,7.333333333333333,170.26972341531462,24.387035198868,1
2,12,2,0.06886122763012538,3,7.333333333333333,170.26972341531462,24.387035198868,1
3,2,1,0.06886122763012538,3,7.333333333333333,170.26972341531462,24.387035198868,1
4,8,1,0.06886122763012538,3,7.333333333333333,170.26972341531462,24.387035198868,1
5,12,2,0.06886122763012538,3,7.333333333333333,170.26972341531462,24.387035198868,1
6,8,1,0.06886122763012538,2,10.0,170.26972341531462,24.387035198868,1
7,12,2,0.06886122763012538,2,10.0,170.26972341531462,24.387035198868,1
0,2,1,0.19951567475469706,3,7.333333333333333,253.30979545599692,25.604701871564412,1
1,8,1,0.19951567475469706,3,7.333333333333333,253.30979545599692,25.604701871564412,1
2,12,2,0.19951567475469706,3,7.333333333333333,253.30979545599692,25.604701871564412,1
3,2,1,0.19951567475469706,3,7.333333333333333,253.30979545599692,25.604701871564412,1
4,8,1,0.19951567475469706,3,7.333333333333333,253.30979545599692,25.604701871564412,1
5,12,2,0.19951567475469706,3,7.333333333333333,253.30979545599692,25.604701871564412,1
6,8,1,0.19951567475469706,2,10.0,253.30979545599692,25.604701871564412,1
7,12,2,0.19951567475469706,2,10.0,253.30979545599692,25.604701871564412,1
0,2,1,0.14618436659147227,3,7.333333333333333,170.2890206691237,23.265845027862564,1
1,8,1,0.14618436659147227,3,7.333333333333333,170.2890206691237,23.265845027862564,1
2,12,2,0.14618436659147227,3,7.333333333333333,170.2890206691237,23.265845027862564,1
3,2,1,0.14618436659147227,3,7.333333333333333,170.2890206691237,23.265845027862564,1
4,8,1,0.14618436659147227,3,7.333333333333333,170.2890206691237,23.265845027862564,1
5,12,2,0.14618436659147227,3,7.333333333333333,170.2890206691237,23.265845027862564,1
6,8,1,0.14618436659147227,2,10.0,170.2890206691237,23.265845027862564,1
7,12,2,0.14618436659147227,2,10.0,170.2890206691237,23.265845027862564,1
0,2,1,0.11671985366401687,3,7.333333333333333,191.59983616699031,13.753586106358357,1
1,8,1,0.11671985366401687,3,7.333333333333333,191.59983616699031,13.753586106358357,1
2,12,2,0.11671985366401687,3,7.333333333333333,191.59983616699031,13.753586106358357,1
3,2,1,0.11671985366401687,3,7.333333333333333,191.59983616699031,13.753586106358357,1
4,8,1,0.11671985366401687,3,7.333333333333333,191.59983616699031,13.753586106358357,1
5,12,2,0.11671985366401687,3,7.333333333333333,191.59983616699031,13.753586106358357,1
6,8,1,0.11671985366401687,2,10.0,191.59983616699031,13.753586106358357,1
7,12,2,0.11671985366401687,2,10.0,191.59983616699031,13.753586106358357,1
0,2,1,0.13135548163321573,3,7.333333333333333,192.62705029019045,17.34480551144909,1
1,8,1,0.13135548163321573,3,7.333333333333333,192.62705029019045,17.34480551144909,1
2,12,2,0.13135548163321573,3,7.333333333333333,192.62705029019045,17.34480551144909,1
3,2,1,0.13135548163321573,3,7.333333333333333,192.62705029019045,17.34480551144909,1
4,8,1,0.13135548163321573,3,7.333333333333333,192.62705029019045,17.34480551144909,1
5,12,2,0.13135548163321573,3,7.333333333333333,192.62705029019045,17.34480551144909,1
6,8,1,0.13135548163321573,2,10.0,192.62705029019045,17.34480551144909,1
7,12,2,0.13135548163321573,2,10.0,192.62705029019045,17.34480551144909,1
0,2,1,0.1745961010117988,3,7.333333333333333,251.14096809359256,12.848104324698044,1
1,8,1,0.1745961010117988,3,7.333333333333333,251.14096809359256,12.848104324698044,1
2,12,2,0.1745961010117988,3,7.333333333333333,251.14096809359256,12.848104324698044,1
3,2,1,0.1745961010117988,3,7.333333333333333,251.14096809359256,12.848104324698044,1
4,8,1,0.1745961010117988,3,7.333333333333333,251.14096809359256,12.848104324698044,1
5,12,2,0.1745961010117988,3,7.333333333333333,251.14096809359256,12.848104324698044,1
6,8,1,0.1745961010117988,2,10.0,251.14096809359256,12.848104324698044,1
7,12,2,0.1745961010117988,2,10.0,251.14096809359256,12.848104324698044,1
0,2,1,0.19894232881229096,3,7.333333333333333,166.27869636382712,21.954918929721018,1
1,8,1,0.19894232881229096,3,7.333333333333333,166.27869636382712,21.954918929721018,1
2,12,2,0.19894232881229096,3,7.333333333333333,166.27869636382712,21.954918929721018,1
3,2,1,0.19894232881229096,3,7.333333333333333,166.27869636382712,21.954918929721018,1
4,8,1,0.19894232881229096,3,7.333333333333333,166.27869636382712,21.954918929721018,1
5,12,2,0.19894232881229096,3,7.333333333333333,166.27869636382712,21.954918929721018,1
6,8,1,0.19894232881229096,2,10.0,166.27869636382712,21.954918929721018,1
7,12,2,0.19894232881229096,2,10.0,166.27869636382712,21.954918929721018,1
0,2,1,0.06850721214163616,3,7.333333333333333,160.09909044667705,29.66040429170294,0
1,8,1,0.06850721214163616,3,7.333333333333333,160.09909044667705,29.66040429170294,0
2,12,2,0.06850721214163616,3,7.333333333333333,160.09909044667705,29.66040429170294,0
3,2,1,0.06850721214163616,3,7.333333333333333,160.09909044667705,29.66040429170294,0
4,8,1,0.06850721214163616,3,7.333333333333333,160.09909044667705,29.66040429170294,0
5,12,2,0.06850721214163616,3,7.333333333333333,160.09909044667705,29.66040429170294,0
6,8,1,0.06850721214163616,2,10.0,160.09909044667705,29.66040429170294,0
7,12,2,0.06850721214163616,2,10.0,160.09909044667705,29.66040429170294,0
0,2,1,0.13624294007435286,3,7.333333333333333,199.0900339918598,23.010981357179322,1
1,8,1,0.13624294007435286,3,7.333333333333333,199.0900339918598,23.010981357179322,1
2,12,2,0.13624294007435286,3,7.333333333333333,199.0900339918598,23.010981357179322,1
3,2,1,0.13624294007435286,3,7.333333333333333,199.0900339918598,23.010981357179322,1
4,8,1,0.13624294007435286,3,7.333333333333333,199.0900339918598,23.010981357179322,1
5,12,2,0.13624294007435286,3,7.333333333333333,199.0900339918598,23.010981357179322,1
6,8,1,0.13624294007435286,2,10.0,199.0900339918598,23.010981357179322,1
7,12,2,0.13624294007435286,2,10.0,199.0900339918598,23.010981357179322,1
0,2,1,0.08257922694615838,3,7.333333333333333,234.60220892053036,3.8928987076736985,1
1,8,1,0.08257922694615838,3,7.333333333333333,234.60220892053036,3.8928987076736985,1
2,12,2,0.08257922694615838,3,7.333333333333333,234.60220892053036,3.8928987076736985,0
3,2,1,0.08257922694615838,3,7.333333333333333,234.60220892053036,3.8928987076736985,1
4,8,1,0.08257922694615838,3,7.333333333333333,234.60220892053036,3.8928987076736985,1
5,12,2,0.08257922694615838,3,7.333333333333333,234.60220892053036,3.8928987076736985,0
6,8,1,0.08257922694615838,2,10.0,234.60220892053036,3.8928987076736985,1
7,12,2,0.08257922694615838,2,10.0,234.60220892053036,3.8928987076736985,0
0,2,1,0.09707160595956546,3,7.333333333333333,184.3453741592532,22.152956295880116,1
1,8,1,0.09707160595956546,3,7.333333333333333,184.3453741592532,22.152956295880116,0
2,12,2,0.09707160595956546,3,7.333333333333333,184.3453741592532,22.152956295880116,0
3,2,1,0.09707160595956546,3,7.333333333333333,184.3453741592532,22.152956295880116,1
4,8,1,0.09707160595956546,3,7.333333333333333,184.3453741592532,22.152956295880116,0
5,12,2,0.09707160595956546,3,7.333333333333333,184.3453741592532,22.152956295880116,0
6,8,1,0.09707160595956546,2,10.0,184.3453741592532,22.152956295880116,0
7,12,2,0.09707160595956546,2,10.0,184.3453741592532,22.152956295880116,0
0,2,1,0.19930424891434956,3,7.333333333333333,247.75692373791662,27.657070179255285,1
1,8,1,0.19930424891434956,3,7.333333333333333,247.75692373791662,27.657070179255285,1
2,12,2,0.19930424891434956,3,7.333333333333333,247.75692373791662,27.657070179255285,1
3,2,1,0.19930424891434956,3,7.333333333333333,247.75692373791662,27.657070179255285,1
4,8,1,0.19930424891434956,3,7.333333333333333,247.75692373791662,27.657070179255285,1
5,12,2,0.19930424891434956,3,7.333333333333333,247.75692373791662,27.657070179255285,1
6,8,1,0.19930424891434956,2,10.0,247.75692373791662,27.657070179255285,1
7,12,2,0.19930424891434956,2,10.0,247.75692373791662,27.657070179255285,1
0,2,1,0.08407692513700302,3,7.333333333333333,163.73970203954323,2.924669890640599,1
1,8,1,0.08407692513700302,3,7.333333333333333,163.73970203954323,2.924669890640599,1
2,12,2,0.08407692513700302,3,7.333333333333333,163.73970203954323,2.924669890640599,0
3,2,1,0.08407692513700302,3,7.333333333333333,163.73970203954323,2.924669890640599,1
4,8,1,0.08407692513700302,3,7.333333333333333,163.73970203954323,2.924669890640599,1
5,12,2,0.08407692513700302,3,7.333333333333333,163.73970203954323,2.924669890640599,0
6,8,1,0.08407692513700302,2,10.0,163.73970203954323,2.924669890640599,1
7,12,2,0.08407692513700302,2,10.0,163.73970203954323,2.924669890640599,0
0,2,1,0.07644565570521908,3,7.333333333333333,244.6523248503383,15.558797521750078,1
1,8,1,0.07644565570521908,3,7.333333333333333,244.6523248503383,15.558797521750078,1
2,12,2,0.07644565570521908,3,7.333333333333333,244.6523248503383,15.558797521750078,0
3,2,1,0.07644565570521908,3,7.333333333333333,244.6523248503383,15.558797521750078,1
4,8,1,0.07644565570521908,3,7.333333333333333,244.6523248503383,15.558797521750078,1
5,12,2,0.07644565570521908,3,7.333333333333333,244.6523248503383,15.558797521750078,0
6,8,1,0.07644565570521908,2,10.0,244.6523248503383,15.558797521750078,1
7,12,2,0.07644565570521908,2,10.0,244.6523248503383,15.558797521750078,0
0,2,1,0.08987973165422293,3,7.333333333333333,207.9630920055063,9.922680300145643,1
1,8,1,0.08987973165422293,3,7.333333333333333,207.9630920055063,9.922680300145643,1
2,12,2,0.08987973165422293,3,7.333333333333333,207.9630920055063,9.922680300145643,1
3,2,1,0.08987973165422293,3,7.333333333333333,207.9630920055063,9.922680300145643,1
4,8,1,0.08987973165422293,3,7.333333333333333,207.9630920055063,9.922680300145643,1
5,12,2,0.08987973165422293,3,7.333333333333333,207.9630920055063,9.922680300145643,1
6,8,1,0.08987973165422293,2,10.0,207.9630920055063,9.922680300145643,1
7,12,2,0.08987973165422293,2,10.0,207.9630920055063,9.922680300145643,1
0,2,1,0.13043121193119017,3,7.333333333333333,193.51645180243906,24.142786365574818,1
1,8,1,0.13043121193119017,3,7.333333333333333,193.51645180243906,24.142786365574818,1
2,12,2,0.13043121193119017,3,7.333333333333333,193.51645180243906,24.142786365574818,1
3,2,1,0.13043121193119017,3,7.333333333333333,193.51645180243906,24.142786365574818,1
4,8,1,0.13043121193119017,3,7.333333333333333,193.51645180243906,24.142786365574818,1
5,12,2,0.13043121193119017,3,7.333333333333333,193.51645180243906,24.142786365574818,1
6,8,1,0.13043121193119017,2,10.0,193.51645180243906,24.142786365574818,1
7,12,2,0.13043121193119017,2,10.0,193.51645180243906,24.142786365574818,1
0,2,1,0.07044630872270458,3,7.333333333333333,162.4510804860247,29.428708452552883,1
1,8,1,0.07044630872270458,3,7.333333333333333,162.4510804860247,29.428708452552883,1
2,12,2,0.07044630872270458,3,7.333333333333333,162.4510804860247,29.428708452552883,1
3,2,1,0.07044630872270458,3,7.333333333333333,162.4510804860247,29.428708452552883,1
4,8,1,0.07044630872270458,3,7.333333333333333,162.4510804860247,29.428708452552883,1
5,12,2,0.07044630872270458,3,7.333333333333333,162.4510804860247,29.428708452552883,1
6,8,1,0.07044630872270458,2,10.0,162.4510804860247,29.428708452552883,1
7,12,2,0.07044630872270458,2,10.0,162.4510804860247,29.428708452552883,1
0,2,1,0.19548613603732573,3,7.333333333333333,172.85994338357443,16.18132845326766,1
1,8,1,0.19548613603732573,3,7.333333333333333,172.85994338357443,16.18132845326766,1
2,12,2,0.19548613603732573,3,7.333333333333333,172.85994338357443,16.18132845326766,1
3,2,1,0.19548613603732573,3,7.333333333333333,172.85994338357443,16.18132845326766,1
4,8,1,0.19548613603732573,3,7.333333333333333,172.85994338357443,16.18132845326766,1
5,12,2,0.19548613603732573,3,7.333333333333333,172.85994338357443,16.18132845326766,1
6,8,1,0.19548613603732573,2,10.0,172.85994338357443,16.18132845326766,1
7,12,2,0.19548613603732573,2,10.0,172.85994338357443,16.18132845326766,1
0,2,1,0.05607932898421648,3,7.333333333333333,184.68858958778196,18.79929155704037,0
1,8,1,0.05607932898421648,3,7.333333333333333,184.68858958778196,18.79929155704037,0
2,12,2,0.05607932898421648,3,7.333333333333333,184.68858958778196,18.79929155704037,0
3,2,1,0.05607932898421648,3,7.333333333333333,184.68858958778196,18.79929155704037,0
4,8,1,0.05607932898421648,3,7.333333333333333,184.68858958778196,18.79929155704037,0
5,12,2,0.05607932898421648,3,7.333333333333333,184.68858958778196,18.79929155704037,0
6,8,1,0.05607932898421648,2,10.0,184.68858958778196,18.79929155704037,0
7,12,2,0.05607932898421648,2,10.0,184.68858958778196,18.79929155704037,0
0,2,1,0.11975951811463108,3,7.333333333333333,246.89427295561507,23.30686660641806,1
1,8,1,0.11975951811463108,3,7.333333333333333,246.89427295561507,23.30686660641806,1
2,12,2,0.11975951811463108,3,7.333333333333333,246.89427295561507,23.30686660641806,1
3,2,1,0.11975951811463108,3,7.333333333333333,246.89427295561507,23.30686660641806,1
4,8,1,0.11975951811463108,3,7.333333333333333,246.89427295561507,23.30686660641806,1
5,12,2,0.11975951811463108,3,7.333333333333333,246.89427295561507,23.30686660641806,1
6,8,1,0.11975951811463108,2,10.0,246.89427295561507,23.30686660641806,1
7,12,2,0.11975951811463108,2,10.0,246.89427295561507,23.30686660641806,1
0,2,1,0.15615811640746746,3,7.333333333333333,243.46626769110912,21.081347340627286,1
1,8,1,0.15615811640746746,3,7.333333333333333,243.46626769110912,21.081347340627286,1
2,12,2,0.15615811640746746,3,7.333333333333333,243.46626769110912,21.081347340627286,1
3,2,1,0.15615811640746746,3,7.333333333333333,243.46626769110912,21.081347340627286,1
4,8,1,0.15615811640746746,3,7.333333333333333,243.46626769110912,21.081347340627286,1
5,12,2,0.15615811640746746,3,7.333333333333333,243.46626769110912,21.081347340627286,1
6,8,1,0.15615811640746746,2,10.0,243.46626769110912,21.081347340627286,1
7,12,2,0.15615811640746746,2,10.0,243.46626769110912,21.081347340627286,1
0,2,1,0.07514610843481126,3,7.333333333333333,233.2177477071367,6.643444281522514,1
1,8,1,0.07514610843481126,3,7.333333333333333,233.2177477071367,6.643444281522514,1
2,12,2,0.07514610843481126,3,7.333333333333333,233.2177477071367,6.643444281522514,0
3,2,1,0.07514610843481126,3,7.333333333333333,233.2177477071367,6.643444281522514,1
4,8,1,0.07514610843481126,3,7.333333333333333,233.2177477071367,6.643444281522514,1
5,12,2,0.07514610843481126,3,7.333333333333333,233.2177477071367,6.643444281522514,0
6,8,1,0.07514610843481126,2,10.0,233.2177477071367,6.643444281522514,1
7,12,2,0.07514610843481126,2,10.0,233.2177477071367,6.643444281522514,0
0,2,1,0.09941511693077379,3,7.333333333333333,253.0307472317586,6.343647614259654,1
1,8,1,0.09941511693077379,3,7.333333333333333,253.0307472317586,6.343647614259654,1
2,12,2,0.09941511693077379,3,7.333333333333333,253.0307472317586,6.343647614259654,0
3,2,1,0.09941511693077379,3,7.333333333333333,253.0307472317586,6.343647614259654,1
4,8,1,0.09941511693077379,3,7.333333333333333,253.0307472317586,6.343647614259654,1
5,12,2,0.09941511693077379,3,7.333333333333333,253.0307472317586,6.343647614259654,1
6,8,1,0.09941511693077379,2,10.0,253.0307472317586,6.343647614259654,1
7,12,2,0.09941511693077379,2,10.0,253.0307472317586,6.343647614259654,1
0,2,1,0.19481415636268606,3,7.333333333333333,213.2913667992792,24.502664738401513,1
1,8,1,0.19481415636268606,3,7.333333333333333,213.2913667992792,24.502664738401513,1
2,12,2,0.19481415636268606,3,7.333333333333333,213.2913667992792,24.502664738401513,1
3,2,1,0.19481415636268606,3,7.333333333333333,213.2913667992792,24.502664738401513,1
4,8,1,0.19481415636268606,3,7.333333333333333,213.2913667992792,24.502664738401513,1
5,12,2,0.19481415636268606,3,7.333333333333333,213.2913667992792,24.502664738401513,1
6,8,1,0.19481415636268606,2,10.0,213.2913667992792,24.502664738401513,1
7,12,2,0.19481415636268606,2,10.0,213.2913667992792,24.502664738401513,1
0,2,1,0.15542629483836473,3,7.333333333333333,220.80496167719537,28.615758817396895,1
1,8,1,0.15542629483836473,3,7.333333333333333,220.80496167719537,28.615758817396895,1
2,12,2,0.15542629483836473,3,7.333333333333333,220.80496167719537,28.615758817396895,1
3,2,1,0.15542629483836473,3,7.333333333333333,220.80496167719537,28.615758817396895,1
4,8,1,0.15542629483836473,3,7.333333333333333,220.80496167719537,28.615758817396895,1
5,12,2,0.15542629483836473,3,7.333333333333333,220.80496167719537,28.615758817396895,1
6,8,1,0.15542629483836473,2,10.0,220.80496167719537,28.615758817396895,1
7,12,2,0.15542629483836473,2,10.0,220.80496167719537,28.615758817396895,0
0,2,1,0.15381816931775255,3,7.333333333333333,241.85608367573434,11.382128560946242,1
1,8,1,0.15381816931775255,3,7.333333333333333,241.85608367573434,11.382128560946242,1
2,12,2,0.15381816931775255,3,7.333333333333333,241.85608367573434,11.382128560946242,1
3,2,1,0.15381816931775255,3,7.333333333333333,241.85608367573434,11.382128560946242,1
4,8,1,0.15381816931775255,3,7.333333333333333,241.85608367573434,11.382128560946242,1
5,12,2,0.15381816931775255,3,7.333333333333333,241.85608367573434,11.382128560946242,1
6,8,1,0.15381816931775255,2,10.0,241.85608367573434,11.382128560946242,1
7,12,2,0.15381816931775255,2,10.0,241.85608367573434,11.382128560946242,1
0,2,1,0.13275499604793245,3,7.333333333333333,234.60888720549463,3.8288186322047553,1
1,8,1,0.13275499604793245,3,7.333333333333333,234.60888720549463,3.8288186322047553,1
2,12,2,0.13275499604793245,3,7.333333333333333,234.60888720549463,3.8288186322047553,1
3,2,1,0.13275499604793245,3,7.333333333333333,234.60888720549463,3.8288186322047553,1
4,8,1,0.13275499604793245,3,7.333333333333333,234.60888720549463,3.8288186322047553,1
5,12,2,0.13275499604793245,3,7.333333333333333,234.60888720549463,3.8288186322047553,1
6,8,1,0.13275499604793245,2,10.0,234.60888720549463,3.8288186322047553,1
7,12,2,0.13275499604793245,2,10.0,234.60888720549463,3.8288186322047553,1
0,2,1,0.1937525043492937,3,7.333333333333333,201.55367805482717,13.453983975878607,1
1,8,1,0.1937525043492937,3,7.333333333333333,201.55367805482717,13.453983975878607,1
2,12,2,0.1937525043492937,3,7.333333333333333,201.55367805482717,13.453983975878607,1
3,2,1,0.1937525043492937,3,7.333333333333333,201.55367805482717,13.453983975878607,1
4,8,1,0.1937525043492937,3,7.333333333333333,201.55367805482717,13.453983975878607,1
5,12,2,0.1937525043492937,3,7.333333333333333,201.55367805482717,13.453983975878607,1
6,8,1,0.1937525043492937,2,10.0,201.55367805482717,13.453983975878607,1
7,12,2,0.1937525043492937,2,10.0,201.55367805482717,13.453983975878607,1
0,2,1,0.15962732829848952,3,7.333333333333333,159.32336842070816,17.75817237856043,1
1,8,1,0.15962732829848952,3,7.333333333333333,159.32336842070816,17.75817237856043,1
2,12,2,0.15962732829848952,3,7.333333333333333,159.32336842070816,17.75817237856043,1
3,2,1,0.15962732829848952,3,7.333333333333333,159.32336842070816,17.75817237856043,1
4,8,1,0.15962732829848952,3,7.333333333333333,159.32336842070816,17.75817237856043,1
5,12,2,0.15962732829848952,3,7.333333333333333,159.32336842070816,17.75817237856043,1
6,8,1,0.15962732829848952,2,10.0,159.32336842070816,17.75817237856043,1
7,12,2,0.15962732829848952,2,10.0,159.32336842070816,17.75817237856043,1
0,2,1,0.05594083671329478,3,7.333333333333333,199.81016073620484,19.670041540480916,1
1,8,1,0.05594083671329478,3,7.333333333333333,199.81016073620484,19.670041540480916,1
2,12,2,0.05594083671329478,3,7.333333333333333,199.81016073620484,19.670041540480916,0
3,2,1,0.05594083671329478,3,7.333333333333333,199.81016073620484,19.670041540480916,1
4,8,1,0.05594083671329478,3,7.333333333333333,199.81016073620484,19.670041540480916,1
5,12,2,0.05594083671329478,3,7.333333333333333,199.81016073620484,19.670041540480916,0
6,8,1,0.05594083671329478,2,10.0,199.81016073620484,19.670041540480916,1
7,12,2,0.05594083671329478,2,10.0,199.81016073620484,19.670041540480916,0
0,2,1,0.13898425897784686,3,7.333333333333333,174.44165737499907,7.475377021431744,1
1,8,1,0.13898425897784686,3,7.333333333333333,174.44165737499907,7.475377021431744,1
2,12,2,0.13898425897784686,3,7.333333333333333,174.44165737499907,7.475377021431744,1
3,2,1,0.13898425897784686,3,7.333333333333333,174.44165737499907,7.475377021431744,1
4,8,1,0.13898425897784686,3,7.333333333333333,174.44165737499907,7.475377021431744,1
5,12,2,0.13898425897784686,3,7.333333333333333,174.44165737499907,7.475377021431744,1
6,8,1,0.13898425897784686,2,10.0,174.44165737499907,7.475377021431744,1
7,12,2,0.13898425897784686,2,10.0,174.44165737499907,7.475377021431744,1
0,2,1,0.11814361280097077,3,7.333333333333333,232.53155704631234,21.80483080868864,1
1,8,1,0.11814361280097077,3,7.333333333333333,232.53155704631234,21.80483080868864,1
2,12,2,0.11814361280097077,3,7.333333333333333,232.53155704631234,21.80483080868864,1
3,2,1,0.11814361280097077,3,7.333333333333333,232.53155704631234,21.80483080868864,1
4,8,1,0.11814361280097077,3,7.333333333333333,232.53155704631234,21.80483080868864,1
5,12,2,0.11814361280097077,3,7.333333333333333,232.53155704631234,21.80483080868864,1
6,8,1,0.11814361280097077,2,10.0,232.53155704631234,21.80483080868864,1
7,12,2,0.11814361280097077,2,10.0,232.53155704631234,21.80483080868864,1
0,2,1,0.11987242613059931,3,7.333333333333333,218.24239771133745,24.92966594013021,1
1,8,1,0.11987242613059931,3,7.333333333333333,218.24239771133745,24.92966594013021,1
2,12,2,0.11987242613059931,3,7.333333333333333,218.24239771133745,24.92966594013021,1
3,2,1,0.11987242613059931,3,7.333333333333333,218.24239771133745,24.92966594013021,1
4,8,1,0.11987242613059931,3,7.333333333333333,218.24239771133745,24.92966594013021,1
5,12,2,0.11987242613059931,3,7.333333333333333,218.24239771133745,24.92966594013021,1
6,8,1,0.11987242613059931,2,10.0,218.24239771133745,24.92966594013021,1
7,12,2,0.11987242613059931,2,10.0,218.24239771133745,24.92966594013021,1
0,2,1,0.11091930856056742,3,7.333333333333333,211.41558039026984,13.09031459133744,1
1,8,1,0.11091930856056742,3,7.333333333333333,211.41558039026984,13.09031459133744,1
2,12,2,0.11091930856056742,3,7.333333333333333,211.41558039026984,13.09031459133744,1
3,2,1,0.11091930856056742,3,7.333333333333333,211.41558039026984,13.09031459133744,1
4,8,1,0.11091930856056742,3,7.333333333333333,211.41558039026984,13.09031459133744,1
5,12,2,0.11091930856056742,3,7.333333333333333,211.41558039026984,13.09031459133744,1
6,8,1,0.11091930856056742,2,10.0,211.41558039026984,13.09031459133744,1
7,12,2,0.11091930856056742,2,10.0,211.41558039026984,13.09031459133744,1
0,2,1,0.11999317314791673,3,7.333333333333333,233.10027989976368,16.10236235723518,1
1,8,1,0.11999317314791673,3,7.333333333333333,233.10027989976368,16.10236235723518,1
2,12,2,0.11999317314791673,3,7.333333333333333,233.10027989976368,16.10236235723518,1
3,2,1,0.11999317314791673,3,7.333333333333333,233.10027989976368,16.10236235723518,1
4,8,1,0.11999317314791673,3,7.333333333333333,233.10027989976368,16.10236235723518,1
5,12,2,0.11999317314791673,3,7.333333333333333,233.10027989976368,16.10236235723518,1
6,8,1,0.11999317314791673,2,10.0,233.10027989976368,16.10236235723518,1
7,12,2,0.11999317314791673,2,10.0,233.10027989976368,16.10236235723518,1
0,2,1,0.10714438911993543,3,7.333333333333333,242.92020107419373,23.986731275563937,1
1,8,1,0.10714438911993543,3,7.333333333333333,242.92020107419373,23.986731275563937,1
2,12,2,0.10714438911993543,3,7.333333333333333,242.92020107419373,23.986731275563937,1
3,2,1,0.10714438911993543,3,7.333333333333333,242.92020107419373,23.986731275563937,1
4,8,1,0.10714438911993543,3,7.333333333333333,242.92020107419373,23.986731275563937,1
5,12,2,0.10714438911993543,3,7.333333333333333,242.92020107419373,23.986731275563937,1
6,8,1,0.10714438911993543,2,10.0,242.92020107419373,23.986731275563937,1
7,12,2,0.10714438911993543,2,10.0,242.92020107419373,23.986731275563937,1
0,2,1,0.05515845503762575,3,7.333333333333333,192.87782442700208,26.089343213490068,1
1,8,1,0.05515845503762575,3,7.333333333333333,192.87782442700208,26.089343213490068,1
2,12,2,0.05515845503762575,3,7.333333333333333,192.87782442700208,26.089343213490068,1
3,2,1,0.05515845503762575,3,7.333333333333333,192.87782442700208,26.089343213490068,1
4,8,1,0.05515845503762575,3,7.333333333333333,192.87782442700208,26.089343213490068,1
5,12,2,0.05515845503762575,3,7.333333333333333,192.87782442700208,26.089343213490068,1
6,8,1,0.05515845503762575,2,10.0,192.87782442700208,26.089343213490068,1
7,12,2,0.05515845503762575,2,10.0,192.87782442700208,26.089343213490068,1
0,2,1,0.14971083283303216,3,7.333333333333333,224.54387951716814,18.34075102931948,1
1,8,1,0.14971083283303216,3,7.333333333333333,224.54387951716814,18.34075102931948,1
2,12,2,0.14971083283303216,3,7.333333333333333,224.54387951716814,18.34075102931948,1
3,2,1,0.14971083283303216,3,7.333333333333333,224.54387951716814,18.34075102931948,1
4,8,1,0.14971083283303216,3,7.333333333333333,224.54387951716814,18.34075102931948,1
5,12,2,0.14971083283303216,3,7.333333333333333,224.54387951716814,18.34075102931948,1
6,8,1,0.14971083283303216,2,10.0,224.54387951716814,18.34075102931948,1
7,12,2,0.14971083283303216,2,10.0,224.54387951716814,18.34075102931948,1
0,2,1,0.09389630527037995,3,7.333333333333333,182.2214394737983,14.060857889926476,1
1,8,1,0.09389630527037995,3,7.333333333333333,182.2214394737983,14.060857889926476,1
2,12,2,0.09389630527037995,3,7.333333333333333,182.2214394737983,14.060857889926476,1
3,2,1,0.09389630527037995,3,7.333333333333333,182.2214394737983,14.060857889926476,1
4,8,1,0.09389630527037995,3,7.333333333333333,182.2214394737983,14.060857889926476,1
5,12,2,0.09389630527037995,3,7.333333333333333,182.2214394737983,14.060857889926476,1
6,8,1,0.09389630527037995,2,10.0,182.2214394737983,14.060857889926476,1
7,12,2,0.09389630527037995,2,10.0,182.2214394737983,14.060857889926476,1
0,2,1,0.1171068922728903,3,7.333333333333333,190.8790320209098,18.27997670669639,1
1,8,1,0.1171068922728903,3,7.333333333333333,190.8790320209098,18.27997670669639,1
2,12,2,0.1171068922728903,3,7.333333333333333,190.8790320209098,18.27997670669639,1
3,2,1,0.1171068922728903,3,7.333333333333333,190.8790320209098,18.27997670669639,1
4,8,1,0.1171068922728903,3,7.333333333333333,190.8790320209098,18.27997670669639,1
5,12,2,0.1171068922728903,3,7.333333333333333,190.8790320209098,18.27997670669639,1
6,8,1,0.1171068922728903,2,10.0,190.8790320209098,18.27997670669639,1
7,12,2,0.1171068922728903,2,10.0,190.8790320209098,18.27997670669639,1
0,2,1,0.10657081185567993,3,7.333333333333333,179.3591256246126,26.763160921839184,1
1,8,1,0.10657081185567993,3,7.333333333333333,179.3591256246126,26.763160921839184,1
2,12,2,0.10657081185567993,3,7.333333333333333,179.3591256246126,26.763160921839184,1
3,2,1,0.10657081185567993,3,7.333333333333333,179.3591256246126,26.763160921839184,1
4,8,1,0.10657081185567993,3,7.333333333333333,179.3591256246126,26.763160921839184,1
5,12,2,0.10657081185567993,3,7.333333333333333,179.3591256246126,26.763160921839184,1
6,8,1,0.10657081185567993,2,10.0,179.3591256246126,26.763160921839184,1
7,12,2,0.10657081185567993,2,10.0,179.3591256246126,26.763160921839184,1
0,2,1,0.06099371342444795,3,7.333333333333333,245.32134665748728,10.763024553273919,1
1,8,1,0.06099371342444795,3,7.333333333333333,245.32134665748728,10.763024553273919,1
2,12,2,0.06099371342444795,3,7.333333333333333,245.32134665748728,10.763024553273919,0
3,2,1,0.06099371342444795,3,7.333333333333333,245.32134665748728,10.763024553273919,1
4,8,1,0.06099371342444795,3,7.333333333333333,245.32134665748728,10.763024553273919,1
5,12,2,0.06099371342444795,3,7.333333333333333,245.32134665748728,10.763024553273919,0
6,8,1,0.06099371342444795,2,10.0,245.32134665748728,10.763024553273919,1
7,12,2,0.06099371342444795,2,10.0,245.32134665748728,10.763024553273919,0
0,2,1,0.11303639340893158,3,7.333333333333333,241.08538090264673,25.172218940463562,1
1,8,1,0.11303639340893158,3,7.333333333333333,241.08538090264673,25.172218940463562,1
2,12,2,0.11303639340893158,3,7.333333333333333,241.08538090264673,25.172218940463562,1
3,2,1,0.11303639340893158,3,7.333333333333333,241.08538090264673,25.172218940463562,1
4,8,1,0.11303639340893158,3,7.333333333333333,241.08538090264673,25.172218940463562,1
5,12,2,0.11303639340893158,3,7.333333333333333,241.08538090264673,25.172218940463562,1
6,8,1,0.11303639340893158,2,10.0,241.08538090264673,25.172218940463562,1
7,12,2,0.11303639340893158,2,10.0,241.08538090264673,25.172218940463562,1
0,2,1,0.11871002985898597,3,7.333333333333333,191.0691974197129,17.284891344252703,1
1,8,1,0.11871002985898597,3,7.333333333333333,191.0691974197129,17.284891344252703,1
2,12,2,0.11871002985898597,3,7.333333333333333,191.0691974197129,17.284891344252703,0
3,2,1,0.11871002985898597,3,7.333333333333333,191.0691974197129,17.284891344252703,1
4,8,1,0.11871002985898597,3,7.333333333333333,191.0691974197129,17.284891344252703,1
5,12,2,0.11871002985898597,3,7.333333333333333,191.0691974197129,17.284891344252703,0
6,8,1,0.11871002985898597,2,10.0,191.0691974197129,17.284891344252703,1
7,12,2,0.11871002985898597,2,10.0,191.0691974197129,17.284891344252703,0
0,2,1,0.1559793156985068,3,7.333333333333333,234.75653796881485,3.587827788267127,1
1,8,1,0.1559793156985068,3,7.333333333333333,234.75653796881485,3.587827788267127,1
2,12,2,0.1559793156985068,3,7.333333333333333,234.75653796881485,3.587827788267127,1
3,2,1,0.1559793156985068,3,7.333333333333333,234.75653796881485,3.587827788267127,1
4,8,1,0.1559793156985068,3,7.333333333333333,234.75653796881485,3.587827788267127,1
5,12,2,0.1559793156985068,3,7.333333333333333,234.75653796881485,3.587827788267127,1
6,8,1,0.1559793156985068,2,10.0,234.75653796881485,3.587827788267127,1
7,12,2,0.1559793156985068,2,10.0,234.75653796881485,3.587827788267127,1
0,2,1,0.11677903598723999,3,7.333333333333333,156.86993041469935,21.121571152475372,1
1,8,1,0.11677903598723999,3,7.333333333333333,156.86993041469935,21.121571152475372,1
2,12,2,0.11677903598723999,3,7.333333333333333,156.86993041469935,21.121571152475372,1
3,2,1,0.11677903598723999,3,7.333333333333333,156.86993041469935,21.121571152475372,1
4,8,1,0.11677903598723999,3,7.333333333333333,156.86993041469935,21.121571152475372,1
5,12,2,0.11677903598723999,3,7.333333333333333,156.86993041469935,21.121571152475372,1
6,8,1,0.11677903598723999,2,10.0,156.86993041469935,21.121571152475372,1
7,12,2,0.11677903598723999,2,10.0,156.86993041469935,21.121571152475372,1
0,2,1,0.10649337636012562,3,7.333333333333333,220.08798724266845,9.227776642174096,1
1,8,1,0.10649337636012562,3,7.333333333333333,220.08798724266845,9.227776642174096,1
2,12,2,0.10649337636012562,3,7.333333333333333,220.08798724266845,9.227776642174096,1
3,2,1,0.10649337636012562,3,7.333333333333333,220.08798724266845,9.227776642174096,1
4,8,1,0.10649337636012562,3,7.333333333333333,220.08798724266845,9.227776642174096,1
5,12,2,0.10649337636012562,3,7.333333333333333,220.08798724266845,9.227776642174096,1
6,8,1,0.10649337636012562,2,10.0,220.08798724266845,9.227776642174096,1
7,12,2,0.10649337636012562,2,10.0,220.08798724266845,9.227776642174096,1
0,2,1,0.1446519773646192,3,7.333333333333333,172.34846257327257,28.93743010566974,1
1,8,1,0.1446519773646192,3,7.333333333333333,172.34846257327257,28.93743010566974,1
2,12,2,0.1446519773646192,3,7.333333333333333,172.34846257327257,28.93743010566974,0
3,2,1,0.1446519773646192,3,7.333333333333333,172.34846257327257,28.93743010566974,1
4,8,1,0.1446519773646192,3,7.333333333333333,172.34846257327257,28.93743010566974,1
5,12,2,0.1446519773646192,3,7.333333333333333,172.34846257327257,28.93743010566974,0
6,8,1,0.1446519773646192,2,10.0,172.34846257327257,28.93743010566974,1
7,12,2,0.1446519773646192,2,10.0,172.34846257327257,28.93743010566974,0
0,2,1,0.0884468574740219,3,7.333333333333333,157.4223886624903,13.841841561242108,1
1,8,1,0.0884468574740219,3,7.333333333333333,157.4223886624903,13.841841561242108,1
2,12,2,0.0884468574740219,3,7.333333333333333,157.4223886624903,13.841841561242108,1
3,2,1,0.0884468574740219,3,7.333333333333333,157.4223886624903,13.841841561242108,1
4,8,1,0.0884468574740219,3,7.333333333333333,157.4223886624903,13.841841561242108,1
5,12,2,0.0884468574740219,3,7.333333333333333,157.4223886624903,13.841841561242108,1
6,8,1,0.0884468574740219,2,10.0,157.4223886624903,13.841841561242108,1
7,12,2,0.0884468574740219,2,10.0,157.4223886624903,13.841841561242108,1
0,2,1,0.07933586795604743,3,7.333333333333333,165.0625092786666,10.999982331243968,1
1,8,1,0.07933586795604743,3,7.333333333333333,165.0625092786666,10.999982331243968,1
2,12,2,0.07933586795604743,3,7.333333333333333,165.0625092786666,10.999982331243968,0
3,2,1,0.07933586795604743,3,7.333333333333333,165.0625092786666,10.999982331243968,1
4,8,1,0.07933586795604743,3,7.333333333333333,165.0625092786666,10.999982331243968,1
5,12,2,0.07933586795604743,3,7.333333333333333,165.0625092786666,10.999982331243968,1
6,8,1,0.07933586795604743,2,10.0,165.0625092786666,10.999982331243968,1
7,12,2,0.07933586795604743,2,10.0,165.0625092786666,10.999982331243968,1
0,2,1,0.1884776273661029,3,7.333333333333333,222.20221425196303,19.385389857139753,1
1,8,1,0.1884776273661029,3,7.333333333333333,222.20221425196303,19.385389857139753,1
2,12,2,0.1884776273661029,3,7.333333333333333,222.20221425196303,19.385389857139753,1
3,2,1,0.1884776273661029,3,7.333333333333333,222.20221425196303,19.385389857139753,1
4,8,1,0.1884776273661029,3,7.333333333333333,222.20221425196303,19.385389857139753,1
5,12,2,0.1884776273661029,3,7.333333333333333,222.20221425196303,19.385389857139753,1
6,8,1,0.1884776273661029,2,10.0,222.20221425196303,19.385389857139753,1
7,12,2,0.1884776273661029,2,10.0,222.20221425196303,19.385389857139753,1
0,2,1,0.10157571875215905,3,7.333333333333333,178.2709241900448,14.253398912319103,1
1,8,1,0.10157571875215905,3,7.333333333333333,178.2709241900448,14.253398912319103,1
2,12,2,0.10157571875215905,3,7.333333333333333,178.2709241900448,14.253398912319103,1
3,2,1,0.10157571875215905,3,7.333333333333333,178.2709241900448,14.253398912319103,1
4,8,1,0.10157571875215905,3,7.333333333333333,178.2709241900448,14.253398912319103,1
5,12,2,0.10157571875215905,3,7.333333333333333,178.2709241900448,14.253398912319103,1
6,8,1,0.10157571875215905,2,10.0,178.2709241900448,14.253398912319103,1
7,12,2,0.10157571875215905,2,10.0,178.2709241900448,14.253398912319103,1
0,2,1,0.11619982925651685,3,7.333333333333333,220.38055814698288,5.800006139537432,1
1,8,1,0.11619982925651685,3,7.333333333333333,220.38055814698288,5.800006139537432,0
2,12,2,0.11619982925651685,3,7.333333333333333,220.38055814698288,5.800006139537432,0
3,2,1,0.11619982925651685,3,7.333333333333333,220.38055814698288,5.800006139537432,1
4,8,1,0.11619982925651685,3,7.333333333333333,220.38055814698288,5.800006139537432,0
5,12,2,0.11619982925651685,3,7.333333333333333,220.38055814698288,5.800006139537432,0
6,8,1,0.11619982925651685,2,10.0,220.38055814698288,5.800006139537432,0
7,12,2,0.11619982925651685,2,10.0,220.38055814698288,5.800006139537432,0
0,2,1,0.09249971080373781,3,7.333333333333333,255.78802023673865,2.722156192672923,1
1,8,1,0.09249971080373781,3,7.333333333333333,255.78802023673865,2.722156192672923,1
2,12,2,0.09249971080373781,3,7.333333333333333,255.78802023673865,2.722156192672923,0
3,2,1,0.09249971080373781,3,7.333333333333333,255.78802023673865,2.722156192672923,1
4,8,1,0.09249971080373781,3,7.333333333333333,255.78802023673865,2.722156192672923,1
5,12,2,0.09249971080373781,3,7.333333333333333,255.78802023673865,2.722156192672923,0
6,8,1,0.09249971080373781,2,10.0,255.78802023673865,2.722156192672923,1
7,12,2,0.09249971080373781,2,10.0,255.78802023673865,2.722156192672923,0
0,2,1,0.12115220377304185,3,7.333333333333333,151.65800563834583,14.828850175186416,1
1,8,1,0.12115220377304185,3,7.333333333333333,151.65800563834583,14.828850175186416,1
2,12,2,0.12115220377304185,3,7.333333333333333,151.65800563834583,14.828850175186416,0
3,2,1,0.12115220377304185,3,7.333333333333333,151.65800563834583,14.828850175186416,1
4,8,1,0.12115220377304185,3,7.333333333333333,151.65800563834583,14.828850175186416,1
5,12,2,0.12115220377304185,3,7.333333333333333,151.65800563834583,14.828850175186416,0
6,8,1,0.12115220377304185,2,10.0,151.65800563834583,14.828850175186416,1
7,12,2,0.12115220377304185,2,10.0,151.65800563834583,14.828850175186416,0
0,2,1,0.16886609086405968,3,7.333333333333333,170.24739436246017,19.27960732593099,1
1,8,1,0.16886609086405968,3,7.333333333333333,170.24739436246017,19.27960732593099,1
2,12,2,0.16886609086405968,3,7.333333333333333,170.24739436246017,19.27960732593099,1
3,2,1,0.16886609086405968,3,7.333333333333333,170.24739436246017,19.27960732593099,1
4,8,1,0.16886609086405968,3,7.333333333333333,170.24739436246017,19.27960732593099,1
5,12,2,0.16886609086405968,3,7.333333333333333,170.24739436246017,19.27960732593099,1
6,8,1,0.16886609086405968,2,10.0,170.24739436246017,19.27960732593099,1
7,12,2,0.16886609086405968,2,10.0,170.24739436246017,19.27960732593099,1
0,2,1,0.17252681263969027,3,7.333333333333333,167.70064496059058,27.8666863034182,1
1,8,1,0.17252681263969027,3,7.333333333333333,167.70064496059058,27.8666863034182,1
2,12,2,0.17252681263969027,3,7.333333333333333,167.70064496059058,27.8666863034182,1
3,2,1,0.17252681263969027,3,7.333333333333333,167.70064496059058,27.8666863034182,1
4,8,1,0.17252681263969027,3,7.333333333333333,167.70064496059058,27.8666863034182,1
5,12,2,0.17252681263969027,3,7.333333333333333,167.70064496059058,27.8666863034182,1
6,8,1,0.17252681263969027,2,10.0,167.70064496059058,27.8666863034182,1
7,12,2,0.17252681263969027,2,10.0,167.70064496059058,27.8666863034182,1
0,2,1,0.05741709810674088,3,7.333333333333333,222.96393813400903,18.809735106192257,1
1,8,1,0.05741709810674088,3,7.333333333333333,222.96393813400903,18.809735106192257,1
2,12,2,0.05741709810674088,3,7.333333333333333,222.96393813400903,18.809735106192257,0
3,2,1,0.05741709810674088,3,7.333333333333333,222.96393813400903,18.809735106192257,1
4,8,1,0.05741709810674088,3,7.333333333333333,222.96393813400903,18.809735106192257,1
5,12,2,0.05741709810674088,3,7.333333333333333,222.96393813400903,18.809735106192257,0
6,8,1,0.05741709810674088,2,10.0,222.96393813400903,18.809735106192257,1
7,12,2,0.05741709810674088,2,10.0,222.96393813400903,18.809735106192257,0
0,2,1,0.19300340155967838,3,7.333333333333333,247.4816864740491,5.201999931603742,1
1,8,1,0.19300340155967838,3,7.333333333333333,247.4816864740491,5.201999931603742,1
2,12,2,0.19300340155967838,3,7.333333333333333,247.4816864740491,5.201999931603742,1
3,2,1,0.19300340155967838,3,7.333333333333333,247.4816864740491,5.201999931603742,1
4,8,1,0.19300340155967838,3,7.333333333333333,247.4816864740491,5.201999931603742,1
5,12,2,0.19300340155967838,3,7.333333333333333,247.4816864740491,5.201999931603742,1
6,8,1,0.19300340155967838,2,10.0,247.4816864740491,5.201999931603742,1
7,12,2,0.19300340155967838,2,10.0,247.4816864740491,5.201999931603742,1
0,2,1,0.17464208189121072,3,7.333333333333333,250.6604221334739,29.71465903852525,1
1,8,1,0.17464208189121072,3,7.333333333333333,250.6604221334739,29.71465903852525,1
2,12,2,0.17464208189121072,3,7.333333333333333,250.6604221334739,29.71465903852525,1
3,2,1,0.17464208189121072,3,7.333333333333333,250.6604221334739,29.71465903852525,1
4,8,1,0.17464208189121072,3,7.333333333333333,250.6604221334739,29.71465903852525,1
5,12,2,0.17464208189121072,3,7.333333333333333,250.6604221334739,29.71465903852525,1
6,8,1,0.17464208189121072,2,10.0,250.6604221334739,29.71465903852525,1
7,12,2,0.17464208189121072,2,10.0,250.6604221334739,29.71465903852525,1
0,2,1,0.1517608300244169,3,7.333333333333333,212.71632782942262,28.667841517733173,1
1,8,1,0.1517608300244169,3,7.333333333333333,212.71632782942262,28.667841517733173,1
2,12,2,0.1517608300244169,3,7.333333333333333,212.71632782942262,28.667841517733173,1
3,2,1,0.1517608300244169,3,7.333333333333333,212.71632782942262,28.667841517733173,1
4,8,1,0.1517608300244169,3,7.333333333333333,212.71632782942262,28.667841517733173,1
5,12,2,0.1517608300244169,3,7.333333333333333,212.71632782942262,28.667841517733173,1
6,8,1,0.1517608300244169,2,10.0,212.71632782942262,28.667841517733173,1
7,12,2,0.1517608300244169,2,10.0,212.71632782942262,28.667841517733173,1
0,2,1,0.12693158599018012,3,7.333333333333333,152.05291623693262,22.275536535092286,1
1,8,1,0.12693158599018012,3,7.333333333333333,152.05291623693262,22.275536535092286,1
2,12,2,0.12693158599018012,3,7.333333333333333,152.05291623693262,22.275536535092286,1
3,2,1,0.12693158599018012,3,7.333333333333333,152.05291623693262,22.275536535092286,1
4,8,1,0.12693158599018012,3,7.333333333333333,152.05291623693262,22.275536535092286,1
5,12,2,0.12693158599018012,3,7.333333333333333,152.05291623693262,22.275536535092286,1
6,8,1,0.12693158599018012,2,10.0,152.05291623693262,22.275536535092286,1
7,12,2,0.12693158599018012,2,10.0,152.05291623693262,22.275536535092286,1
0,2,1,0.1777221635703075,3,7.333333333333333,233.10787054353295,11.427168754525654,1
1,8,1,0.1777221635703075,3,7.333333333333333,233.10787054353295,11.427168754525654,1
2,12,2,0.1777221635703075,3,7.333333333333333,233.10787054353295,11.427168754525654,0
3,2,1,0.1777221635703075,3,7.333333333333333,233.10787054353295,11.427168754525654,1
4,8,1,0.1777221635703075,3,7.333333333333333,233.10787054353295,11.427168754525654,1
5,12,2,0.1777221635703075,3,7.333333333333333,233.10787054353295,11.427168754525654,0
6,8,1,0.1777221635703075,2,10.0,233.10787054353295,11.427168754525654,1
7,12,2,0.1777221635703075,2,10.0,233.10787054353295,11.427168754525654,0
0,2,1,0.07764083440022103,3,7.333333333333333,183.43098319131323,14.530440278176773,1
1,8,1,0.07764083440022103,3,7.333333333333333,183.43098319131323,14.530440278176773,1
2,12,2,0.07764083440022103,3,7.333333333333333,183.43098319131323,14.530440278176773,1
3,2,1,0.07764083440022103,3,7.333333333333333,183.43098319131323,14.530440278176773,1
4,8,1,0.07764083440022103,3,7.333333333333333,183.43098319131323,14.530440278176773,1
5,12,2,0.07764083440022103,3,7.333333333333333,183.43098319131323,14.530440278176773,1
6,8,1,0.07764083440022103,2,10.0,183.43098319131323,14.530440278176773,1
7,12,2,0.07764083440022103,2,10.0,183.43098319131323,14.530440278176773,1
0,2,1,0.1847878494564652,3,7.333333333333333,224.8508398117226,25.8978016205582,1
1,8,1,0.1847878494564652,3,7.333333333333333,224.8508398117226,25.8978016205582,1
2,12,2,0.1847878494564652,3,7.333333333333333,224.8508398117226,25.8978016205582,0
3,2,1,0.1847878494564652,3,7.333333333333333,224.8508398117226,25.8978016205582,1
4,8,1,0.1847878494564652,3,7.333333333333333,224.8508398117226,25.8978016205582,1
5,12,2,0.1847878494564652,3,7.333333333333333,224.8508398117226,25.8978016205582,0
6,8,1,0.1847878494564652,2,10.0,224.8508398117226,25.8978016205582,1
7,12,2,0.1847878494564652,2,10.0,224.8508398117226,25.8978016205582,0
0,2,1,0.1680451043098507,3,7.333333333333333,177.0023436341075,5.989445761350199,1
1,8,1,0.1680451043098507,3,7.333333333333333,177.0023436341075,5.989445761350199,1
2,12,2,0.1680451043098507,3,7.333333333333333,177.0023436341075,5.989445761350199,1
3,2,1,0.1680451043098507,3,7.333333333333333,177.0023436341075,5.989445761350199,1
4,8,1,0.1680451043098507,3,7.333333333333333,177.0023436341075,5.989445761350199,1
5,12,2,0.1680451043098507,3,7.333333333333333,177.0023436341075,5.989445761350199,1
6,8,1,0.1680451043098507,2,10.0,177.0023436341075,5.989445761350199,1
7,12,2,0.1680451043098507,2,10.0,177.0023436341075,5.989445761350199,1
0,2,1,0.08186228012643706,3,7.333333333333333,179.43399961925837,28.2981552801228,1
1,8,1,0.08186228012643706,3,7.333333333333333,179.43399961925837,28.2981552801228,1
2,12,2,0.08186228012643706,3,7.333333333333333,179.43399961925837,28.2981552801228,0
3,2,1,0.08186228012643706,3,7.333333333333333,179.43399961925837,28.2981552801228,1
4,8,1,0.08186228012643706,3,7.333333333333333,179.43399961925837,28.2981552801228,1
5,12,2,0.08186228012643706,3,7.333333333333333,179.43399961925837,28.2981552801228,0
6,8,1,0.08186228012643706,2,10.0,179.43399961925837,28.2981552801228,1
7,12,2,0.08186228012643706,2,10.0,179.43399961925837,28.2981552801228,0
0,2,1,0.06943298699647857,3,7.333333333333333,239.65394561286155,5.292520314094014,1
1,8,1,0.06943298699647857,3,7.333333333333333,239.65394561286155,5.292520314094014,1
2,12,2,0.06943298699647857,3,7.333333333333333,239.65394561286155,5.292520314094014,0
3,2,1,0.06943298699647857,3,7.333333333333333,239.65394561286155,5.292520314094014,1
4,8,1,0.06943298699647857,3,7.333333333333333,239.65394561286155,5.292520314094014,1
5,12,2,0.06943298699647857,3,7.333333333333333,239.65394561286155,5.292520314094014,0
6,8,1,0.06943298699647857,2,10.0,239.65394561286155,5.292520314094014,1
7,12,2,0.06943298699647857,2,10.0,239.65394561286155,5.292520314094014,0
0,2,1,0.13251178183960155,3,7.333333333333333,243.1283775383182,4.363158333607271,1
1,8,1,0.13251178183960155,3,7.333333333333333,243.1283775383182,4.363158333607271,1
2,12,2,0.13251178183960155,3,7.333333333333333,243.1283775383182,4.363158333607271,1
3,2,1,0.13251178183960155,3,7.333333333333333,243.1283775383182,4.363158333607271,1
4,8,1,0.13251178183960155,3,7.333333333333333,243.1283775383182,4.363158333607271,1
5,12,2,0.13251178183960155,3,7.333333333333333,243.1283775383182,4.363158333607271,1
6,8,1,0.13251178183960155,2,10.0,243.1283775383182,4.363158333607271,1
7,12,2,0.13251178183960155,2,10.0,243.1283775383182,4.363158333607271,1
0,2,1,0.14121474791858546,3,7.333333333333333,184.4076597201775,19.609308624715226,1
1,8,1,0.14121474791858546,3,7.333333333333333,184.4076597201775,19.609308624715226,1
2,12,2,0.14121474791858546,3,7.333333333333333,184.4076597201775,19.609308624715226,1
3,2,1,0.14121474791858546,3,7.333333333333333,184.4076597201775,19.609308624715226,1
4,8,1,0.14121474791858546,3,7.333333333333333,184.4076597201775,19.609308624715226,1
5,12,2,0.14121474791858546,3,7.333333333333333,184.4076597201775,19.609308624715226,1
6,8,1,0.14121474791858546,2,10.0,184.4076597201775,19.609308624715226,1
7,12,2,0.14121474791858546,2,10.0,184.4076597201775,19.609308624715226,1
0,2,1,0.09394098537468137,3,7.333333333333333,233.35036634675535,19.798876341954998,1
1,8,1,0.09394098537468137,3,7.333333333333333,233.35036634675535,19.798876341954998,1
2,12,2,0.09394098537468137,3,7.333333333333333,233.35036634675535,19.798876341954998,1
3,2,1,0.09394098537468137,3,7.333333333333333,233.35036634675535,19.798876341954998,1
4,8,1,0.09394098537468137,3,7.333333333333333,233.35036634675535,19.798876341954998,1
5,12,2,0.09394098537468137,3,7.333333333333333,233.35036634675535,19.798876341954998,1
6,8,1,0.09394098537468137,2,10.0,233.35036634675535,19.798876341954998,1
7,12,2,0.09394098537468137,2,10.0,233.35036634675535,19.798876341954998,1
0,2,1,0.1587381528395622,3,7.333333333333333,226.8268706413143,12.849688978874998,1
1,8,1,0.1587381528395622,3,7.333333333333333,226.8268706413143,12.849688978874998,1
2,12,2,0.1587381528395622,3,7.333333333333333,226.8268706413143,12.849688978874998,1
3,2,1,0.1587381528395622,3,7.333333333333333,226.8268706413143,12.849688978874998,1
4,8,1,0.1587381528395622,3,7.333333333333333,226.8268706413143,12.849688978874998,1
5,12,2,0.1587381528395622,3,7.333333333333333,226.8268706413143,12.849688978874998,1
6,8,1,0.1587381528395622,2,10.0,226.8268706413143,12.849688978874998,1
7,12,2,0.1587381528395622,2,10.0,226.8268706413143,12.849688978874998,1
0,2,1,0.15704005941147028,3,7.333333333333333,172.52125132716802,22.462601979579553,1
1,8,1,0.15704005941147028,3,7.333333333333333,172.52125132716802,22.462601979579553,1
2,12,2,0.15704005941147028,3,7.333333333333333,172.52125132716802,22.462601979579553,1
3,2,1,0.15704005941147028,3,7.333333333333333,172.52125132716802,22.462601979579553,1
4,8,1,0.15704005941147028,3,7.333333333333333,172.52125132716802,22.462601979579553,1
5,12,2,0.15704005941147028,3,7.333333333333333,172.52125132716802,22.462601979579553,1
6,8,1,0.15704005941147028,2,10.0,172.52125132716802,22.462601979579553,1
7,12,2,0.15704005941147028,2,10.0,172.52125132716802,22.462601979579553,0
0,2,1,0.17898322409203182,3,7.333333333333333,199.2879313244348,10.064184039526875,1
1,8,1,0.17898322409203182,3,7.333333333333333,199.2879313244348,10.064184039526875,1
2,12,2,0.17898322409203182,3,7.333333333333333,199.2879313244348,10.064184039526875,1
3,2,1,0.17898322409203182,3,7.333333333333333,199.2879313244348,10.064184039526875,1
4,8,1,0.17898322409203182,3,7.333333333333333,199.2879313244348,10.064184039526875,1
5,12,2,0.17898322409203182,3,7.333333333333333,199.2879313244348,10.064184039526875,1
6,8,1,0.17898322409203182,2,10.0,199.2879313244348,10.064184039526875,1
7,12,2,0.17898322409203182,2,10.0,199.2879313244348,10.064184039526875,1
0,2,1,0.08292583694565586,3,7.333333333333333,179.82168522350608,6.843135155081345,1
1,8,1,0.08292583694565586,3,7.333333333333333,179.82168522350608,6.843135155081345,0
2,12,2,0.08292583694565586,3,7.333333333333333,179.82168522350608,6.843135155081345,0
3,2,1,0.08292583694565586,3,7.333333333333333,179.82168522350608,6.843135155081345,1
4,8,1,0.08292583694565586,3,7.333333333333333,179.82168522350608,6.843135155081345,0
5,12,2,0.08292583694565586,3,7.333333333333333,179.82168522350608,6.843135155081345,0
6,8,1,0.08292583694565586,2,10.0,179.82168522350608,6.843135155081345,0
7,12,2,0.08292583694565586,2,10.0,179.82168522350608,6.843135155081345,0
0,2,1,0.08215941966467452,3,7.333333333333333,231.26475621929325,27.830777358481843,1
1,8,1,0.08215941966467452,3,7.333333333333333,231.26475621929325,27.830777358481843,1
2,12,2,0.08215941966467452,3,7.333333333333333,231.26475621929325,27.830777358481843,0
3,2,1,0.08215941966467452,3,7.333333333333333,231.26475621929325,27.830777358481843,1
4,8,1,0.08215941966467452,3,7.333333333333333,231.26475621929325,27.830777358481843,1
5,12,2,0.08215941966467452,3,7.333333333333333,231.26475621929325,27.830777358481843,0
6,8,1,0.08215941966467452,2,10.0,231.26475621929325,27.830777358481843,1
7,12,2,0.08215941966467452,2,10.0,231.26475621929325,27.830777358481843,0
0,2,1,0.1260088497267147,3,7.333333333333333,158.2619392610738,5.496482706399754,1
1,8,1,0.1260088497267147,3,7.333333333333333,158.2619392610738,5.496482706399754,1
2,12,2,0.1260088497267147,3,7.333333333333333,158.2619392610738,5.496482706399754,1
3,2,1,0.1260088497267147,3,7.333333333333333,158.2619392610738,5.496482706399754,1
4,8,1,0.1260088497267147,3,7.333333333333333,158.2619392610738,5.496482706399754,1
5,12,2,0.1260088497267147,3,7.333333333333333,158.2619392610738,5.496482706399754,1
6,8,1,0.1260088497267147,2,10.0,158.2619392610738,5.496482706399754,1
7,12,2,0.1260088497267147,2,10.0,158.2619392610738,5.496482706399754,1
0,2,1,0.17069148654590582,3,7.333333333333333,157.32388192515688,18.65476782424721,1
1,8,1,0.17069148654590582,3,7.333333333333333,157.32388192515688,18.65476782424721,1
2,12,2,0.17069148654590582,3,7.333333333333333,157.32388192515688,18.65476782424721,1
3,2,1,0.17069148654590582,3,7.333333333333333,157.32388192515688,18.65476782424721,1
4,8,1,0.17069148654590582,3,7.333333333333333,157.32388192515688,18.65476782424721,1
5,12,2,0.17069148654590582,3,7.333333333333333,157.32388192515688,18.65476782424721,1
6,8,1,0.17069148654590582,2,10.0,157.32388192515688,18.65476782424721,1
7,12,2,0.17069148654590582,2,10.0,157.32388192515688,18.65476782424721,1
0,2,1,0.05085836440601173,3,7.333333333333333,207.3892114948873,12.332132979889177,1
1,8,1,0.05085836440601173,3,7.333333333333333,207.3892114948873,12.332132979889177,1
2,12,2,0.05085836440601173,3,7.333333333333333,207.3892114948873,12.332132979889177,0
3,2,1,0.05085836440601173,3,7.333333333333333,207.3892114948873,12.332132979889177,1
4,8,1,0.05085836440601173,3,7.333333333333333,207.3892114948873,12.332132979889177,1
5,12,2,0.05085836440601173,3,7.333333333333333,207.3892114948873,12.332132979889177,0
6,8,1,0.05085836440601173,2,10.0,207.3892114948873,12.332132979889177,1
7,12,2,0.05085836440601173,2,10.0,207.3892114948873,12.332132979889177,0
0,2,1,0.08973898432624022,3,7.333333333333333,239.39070638543848,15.147574231031522,1
1,8,1,0.08973898432624022,3,7.333333333333333,239.39070638543848,15.147574231031522,1
2,12,2,0.08973898432624022,3,7.333333333333333,239.39070638543848,15.147574231031522,1
3,2,1,0.08973898432624022,3,7.333333333333333,239.39070638543848,15.147574231031522,1
4,8,1,0.08973898432624022,3,7.333333333333333,239.39070638543848,15.147574231031522,1
5,12,2,0.08973898432624022,3,7.333333333333333,239.39070638543848,15.147574231031522,1
6,8,1,0.08973898432624022,2,10.0,239.39070638543848,15.147574231031522,1
7,12,2,0.08973898432624022,2,10.0,239.39070638543848,15.147574231031522,1
0,2,1,0.09798359934855938,3,7.333333333333333,154.58942645099066,12.981623353657797,1
1,8,1,0.09798359934855938,3,7.333333333333333,154.58942645099066,12.981623353657797,0
2,12,2,0.09798359934855938,3,7.333333333333333,154.58942645099066,12.981623353657797,0
3,2,1,0.09798359934855938,3,7.333333333333333,154.58942645099066,12.981623353657797,1
4,8,1,0.09798359934855938,3,7.333333333333333,154.58942645099066,12.981623353657797,0
5,12,2,0.09798359934855938,3,7.333333333333333,154.58942645099066,12.981623353657797,0
6,8,1,0.09798359934855938,2,10.0,154.58942645099066,12.981623353657797,0
7,12,2,0.09798359934855938,2,10.0,154.58942645099066,12.981623353657797,0
0,2,1,0.13517905351718243,3,7.333333333333333,254.89331776642405,18.2234120797386,1
1,8,1,0.13517905351718243,3,7.333333333333333,254.89331776642405,18.2234120797386,1
2,12,2,0.13517905351718243,3,7.333333333333333,254.89331776642405,18.2234120797386,1
3,2,1,0.13517905351718243,3,7.333333333333333,254.89331776642405,18.2234120797386,1
4,8,1,0.13517905351718243,3,7.333333333333333,254.89331776642405,18.2234120797386,1
5,12,2,0.13517905351718243,3,7.333333333333333,254.89331776642405,18.2234120797386,1
6,8,1,0.13517905351718243,2,10.0,254.89331776642405,18.2234120797386,1
7,12,2,0.13517905351718243,2,10.0,254.89331776642405,18.2234120797386,1
0,2,1,0.13566842854303385,3,7.333333333333333,232.74689650056678,18.49997594985027,1
1,8,1,0.13566842854303385,3,7.333333333333333,232.74689650056678,18.49997594985027,1
2,12,2,0.13566842854303385,3,7.333333333333333,232.74689650056678,18.49997594985027,1
3,2,1,0.13566842854303385,3,7.333333333333333,232.74689650056678,18.49997594985027,1
4,8,1,0.13566842854303385,3,7.333333333333333,232.74689650056678,18.49997594985027,1
5,12,2,0.13566842854303385,3,7.333333333333333,232.74689650056678,18.49997594985027,1
6,8,1,0.13566842854303385,2,10.0,232.74689650056678,18.49997594985027,1
7,12,2,0.13566842854303385,2,10.0,232.74689650056678,18.49997594985027,1
0,2,1,0.07972160847065467,3,7.333333333333333,214.09988796582738,15.746203719103335,1
1,8,1,0.07972160847065467,3,7.333333333333333,214.09988796582738,15.746203719103335,1
2,12,2,0.07972160847065467,3,7.333333333333333,214.09988796582738,15.746203719103335,0
3,2,1,0.07972160847065467,3,7.333333333333333,214.09988796582738,15.746203719103335,1
4,8,1,0.07972160847065467,3,7.333333333333333,214.09988796582738,15.746203719103335,1
5,12,2,0.07972160847065467,3,7.333333333333333,214.09988796582738,15.746203719103335,0
6,8,1,0.07972160847065467,2,10.0,214.09988796582738,15.746203719103335,1
7,12,2,0.07972160847065467,2,10.0,214.09988796582738,15.746203719103335,0
0,2,1,0.1725440813653148,3,7.333333333333333,164.85964628255687,17.25848412586416,1
1,8,1,0.1725440813653148,3,7.333333333333333,164.85964628255687,17.25848412586416,1
2,12,2,0.1725440813653148,3,7.333333333333333,164.85964628255687,17.25848412586416,1
3,2,1,0.1725440813653148,3,7.333333333333333,164.85964628255687,17.25848412586416,1
4,8,1,0.1725440813653148,3,7.333333333333333,164.85964628255687,17.25848412586416,1
5,12,2,0.1725440813653148,3,7.333333333333333,164.85964628255687,17.25848412586416,1
6,8,1,0.1725440813653148,2,10.0,164.85964628255687,17.25848412586416,1
7,12,2,0.1725440813653148,2,10.0,164.85964628255687,17.25848412586416,1
0,2,1,0.09050693618176117,3,7.333333333333333,190.95084517371214,17.167558527439066,1
1,8,1,0.09050693618176117,3,7.333333333333333,190.95084517371214,17.167558527439066,1
2,12,2,0.09050693618176117,3,7.333333333333333,190.95084517371214,17.167558527439066,1
3,2,1,0.09050693618176117,3,7.333333333333333,190.95084517371214,17.167558527439066,1
4,8,1,0.09050693618176117,3,7.333333333333333,190.95084517371214,17.167558527439066,1
5,12,2,0.09050693618176117,3,7.333333333333333,190.95084517371214,17.167558527439066,1
6,8,1,0.09050693618176117,2,10.0,190.95084517371214,17.167558527439066,1
7,12,2,0.09050693618176117,2,10.0,190.95084517371214,17.167558527439066,1
0,2,1,0.06605375524890021,3,7.333333333333333,239.96750325692432,27.868071998210738,0
1,8,1,0.06605375524890021,3,7.333333333333333,239.96750325692432,27.868071998210738,0
2,12,2,0.06605375524890021,3,7.333333333333333,239.96750325692432,27.868071998210738,0
3,2,1,0.06605375524890021,3,7.333333333333333,239.96750325692432,27.868071998210738,0
4,8,1,0.06605375524890021,3,7.333333333333333,239.96750325692432,27.868071998210738,0
5,12,2,0.06605375524890021,3,7.333333333333333,239.96750325692432,27.868071998210738,0
6,8,1,0.06605375524890021,2,10.0,239.96750325692432,27.868071998210738,0
7,12,2,0.06605375524890021,2,10.0,239.96750325692432,27.868071998210738,0
0,2,1,0.07605217824648694,3,7.333333333333333,243.40706814229742,27.487804261299463,1
1,8,1,0.07605217824648694,3,7.333333333333333,243.40706814229742,27.487804261299463,0
2,12,2,0.07605217824648694,3,7.333333333333333,243.40706814229742,27.487804261299463,0
3,2,1,0.07605217824648694,3,7.333333333333333,243.40706814229742,27.487804261299463,1
4,8,1,0.07605217824648694,3,7.333333333333333,243.40706814229742,27.487804261299463,0
5,12,2,0.07605217824648694,3,7.333333333333333,243.40706814229742,27.487804261299463,0
6,8,1,0.07605217824648694,2,10.0,243.40706814229742,27.487804261299463,0
7,12,2,0.07605217824648694,2,10.0,243.40706814229742,27.487804261299463,0
0,2,1,0.07887419195726485,3,7.333333333333333,201.64859775782676,27.804531963996812,0
1,8,1,0.07887419195726485,3,7.333333333333333,201.64859775782676,27.804531963996812,0
2,12,2,0.07887419195726485,3,7.333333333333333,201.64859775782676,27.804531963996812,0
3,2,1,0.07887419195726485,3,7.333333333333333,201.64859775782676,27.804531963996812,0
4,8,1,0.07887419195726485,3,7.333333333333333,201.64859775782676,27.804531963996812,0
5,12,2,0.07887419195726485,3,7.333333333333333,201.64859775782676,27.804531963996812,0
6,8,1,0.07887419195726485,2,10.0,201.64859775782676,27.804531963996812,0
7,12,2,0.07887419195726485,2,10.0,201.64859775782676,27.804531963996812,0
0,2,1,0.12305439222220574,3,7.333333333333333,207.64381642390893,22.874035923837518,1
1,8,1,0.12305439222220574,3,7.333333333333333,207.64381642390893,22.874035923837518,1
2,12,2,0.12305439222220574,3,7.333333333333333,207.64381642390893,22.874035923837518,0
3,2,1,0.12305439222220574,3,7.333333333333333,207.64381642390893,22.874035923837518,1
4,8,1,0.12305439222220574,3,7.333333333333333,207.64381642390893,22.874035923837518,1
5,12,2,0.12305439222220574,3,7.333333333333333,207.64381642390893,22.874035923837518,0
6,8,1,0.12305439222220574,2,10.0,207.64381642390893,22.874035923837518,1
7,12,2,0.12305439222220574,2,10.0,207.64381642390893,22.874035923837518,0
0,2,1,0.10304178077075746,3,7.333333333333333,258.03024300950176,23.020220103056246,1
1,8,1,0.10304178077075746,3,7.333333333333333,258.03024300950176,23.020220103056246,1
2,12,2,0.10304178077075746,3,7.333333333333333,258.03024300950176,23.020220103056246,0
3,2,1,0.10304178077075746,3,7.333333333333333,258.03024300950176,23.020220103056246,1
4,8,1,0.10304178077075746,3,7.333333333333333,258.03024300950176,23.020220103056246,1
5,12,2,0.10304178077075746,3,7.333333333333333,258.03024300950176,23.020220103056246,0
6,8,1,0.10304178077075746,2,10.0,258.03024300950176,23.020220103056246,1
7,12,2,0.10304178077075746,2,10.0,258.03024300950176,23.020220103056246,0
0,2,1,0.09663896959722254,3,7.333333333333333,235.9536130322492,2.3562005774600174,1
1,8,1,0.09663896959722254,3,7.333333333333333,235.9536130322492,2.3562005774600174,1
2,12,2,0.09663896959722254,3,7.333333333333333,235.9536130322492,2.3562005774600174,0
3,2,1,0.09663896959722254,3,7.333333333333333,235.9536130322492,2.3562005774600174,1
4,8,1,0.09663896959722254,3,7.333333333333333,235.9536130322492,2.3562005774600174,1
5,12,2,0.09663896959722254,3,7.333333333333333,235.9536130322492,2.3562005774600174,0
6,8,1,0.09663896959722254,2,10.0,235.9536130322492,2.3562005774600174,1
7,12,2,0.09663896959722254,2,10.0,235.9536130322492,2.3562005774600174,0
